  0
SECTION
  2
HEADER
  9
$ACADVER
  1
AC1032
  9
$ACADMAINTVER
 90
       55
  9
$DWGCODEPAGE
  3
ANSI_1252
  9
$LASTSAVEDBY
  1
Giovanna
  9
$REQUIREDVERSIONS
160
                 0
  9
$INSBASE
 10
0.0
 20
0.0
 30
0.0
  9
$EXTMIN
 10
49.9575
 20
-77.2819
 30
0.0
  9
$EXTMAX
 10
109.9573
 20
-43.7721
 30
0.0
  9
$LIMMIN
 10
0.0
 20
0.0
  9
$LIMMAX
 10
12.0
 20
9.0
  9
$ORTHOMODE
 70
     0
  9
$REGENMODE
 70
     1
  9
$FILLMODE
 70
     1
  9
$QTEXTMODE
 70
     0
  9
$MIRRTEXT
 70
     1
  9
$LTSCALE
 40
1.0
  9
$ATTMODE
 70
     1
  9
$TEXTSIZE
 40
0.2
  9
$TRACEWID
 40
0.05
  9
$TEXTSTYLE
  7
Standard
  9
$CLAYER
  8
0
  9
$CELTYPE
  6
ByLayer
  9
$CECOLOR
 62
   256
  9
$CELTSCALE
 40
1.0
  9
$DISPSILH
 70
     0
  9
$DIMSCALE
 40
1.0
  9
$DIMASZ
 40
0.18
  9
$DIMEXO
 40
0.0625
  9
$DIMDLI
 40
0.38
  9
$DIMRND
 40
0.0
  9
$DIMDLE
 40
0.0
  9
$DIMEXE
 40
0.18
  9
$DIMTP
 40
0.0
  9
$DIMTM
 40
0.0
  9
$DIMTXT
 40
0.18
  9
$DIMCEN
 40
0.09
  9
$DIMTSZ
 40
0.0
  9
$DIMTOL
 70
     0
  9
$DIMLIM
 70
     0
  9
$DIMTIH
 70
     1
  9
$DIMTOH
 70
     1
  9
$DIMSE1
 70
     0
  9
$DIMSE2
 70
     0
  9
$DIMTAD
 70
     0
  9
$DIMZIN
 70
     0
  9
$DIMBLK
  1

  9
$DIMASO
 70
     1
  9
$DIMSHO
 70
     1
  9
$DIMPOST
  1

  9
$DIMAPOST
  1

  9
$DIMALT
 70
     0
  9
$DIMALTD
 70
     2
  9
$DIMALTF
 40
25.4
  9
$DIMLFAC
 40
1.0
  9
$DIMTOFL
 70
     0
  9
$DIMTVP
 40
0.0
  9
$DIMTIX
 70
     0
  9
$DIMSOXD
 70
     0
  9
$DIMSAH
 70
     0
  9
$DIMBLK1
  1

  9
$DIMBLK2
  1

  9
$DIMSTYLE
  2
Standard
  9
$DIMCLRD
 70
     0
  9
$DIMCLRE
 70
     0
  9
$DIMCLRT
 70
     0
  9
$DIMTFAC
 40
1.0
  9
$DIMGAP
 40
0.09
  9
$DIMJUST
 70
     0
  9
$DIMSD1
 70
     0
  9
$DIMSD2
 70
     0
  9
$DIMTOLJ
 70
     1
  9
$DIMTZIN
 70
     0
  9
$DIMALTZ
 70
     0
  9
$DIMALTTZ
 70
     0
  9
$DIMUPT
 70
     0
  9
$DIMDEC
 70
     4
  9
$DIMTDEC
 70
     4
  9
$DIMALTU
 70
     2
  9
$DIMALTTD
 70
     2
  9
$DIMTXSTY
  7
Standard
  9
$DIMAUNIT
 70
     0
  9
$DIMADEC
 70
     0
  9
$DIMALTRND
 40
0.0
  9
$DIMAZIN
 70
     0
  9
$DIMDSEP
 70
    46
  9
$DIMATFIT
 70
     3
  9
$DIMFRAC
 70
     0
  9
$DIMLDRBLK
  1

  9
$DIMLUNIT
 70
     2
  9
$DIMLWD
 70
    -2
  9
$DIMLWE
 70
    -2
  9
$DIMTMOVE
 70
     0
  9
$DIMFXL
 40
1.0
  9
$DIMFXLON
 70
     0
  9
$DIMJOGANG
 40
0.7853981633974483
  9
$DIMTFILL
 70
     0
  9
$DIMTFILLCLR
 70
     0
  9
$DIMARCSYM
 70
     0
  9
$DIMLTYPE
  6

  9
$DIMLTEX1
  6

  9
$DIMLTEX2
  6

  9
$DIMTXTDIRECTION
 70
     0
  9
$LUNITS
 70
     2
  9
$LUPREC
 70
     4
  9
$SKETCHINC
 40
0.1
  9
$FILLETRAD
 40
0.0
  9
$AUNITS
 70
     0
  9
$AUPREC
 70
     0
  9
$MENU
  1
.
  9
$ELEVATION
 40
0.0
  9
$PELEVATION
 40
0.0
  9
$THICKNESS
 40
0.0
  9
$LIMCHECK
 70
     0
  9
$CHAMFERA
 40
0.0
  9
$CHAMFERB
 40
0.0
  9
$CHAMFERC
 40
0.0
  9
$CHAMFERD
 40
0.0
  9
$SKPOLY
 70
     0
  9
$TDCREATE
 40
2461130.727264942
  9
$TDUCREATE
 40
2461130.852264942
  9
$TDUPDATE
 40
2461130.727265243
  9
$TDUUPDATE
 40
2461130.852265243
  9
$TDINDWG
 40
0.0000000116
  9
$TDUSRTIMER
 40
0.0000000116
  9
$USRTIMER
 70
     1
  9
$ANGBASE
 50
0.0
  9
$ANGDIR
 70
     0
  9
$PDMODE
 70
     0
  9
$PDSIZE
 40
0.0
  9
$PLINEWID
 40
0.0
  9
$SPLFRAME
 70
     0
  9
$SPLINETYPE
 70
     6
  9
$SPLINESEGS
 70
     8
  9
$HANDSEED
  5
AC
  9
$SURFTAB1
 70
     6
  9
$SURFTAB2
 70
     6
  9
$SURFTYPE
 70
     6
  9
$SURFU
 70
     6
  9
$SURFV
 70
     6
  9
$UCSBASE
  2

  9
$UCSNAME
  2

  9
$UCSORG
 10
0.0
 20
0.0
 30
0.0
  9
$UCSXDIR
 10
1.0
 20
0.0
 30
0.0
  9
$UCSYDIR
 10
0.0
 20
1.0
 30
0.0
  9
$UCSORTHOREF
  2

  9
$UCSORTHOVIEW
 70
     0
  9
$UCSORGTOP
 10
0.0
 20
0.0
 30
0.0
  9
$UCSORGBOTTOM
 10
0.0
 20
0.0
 30
0.0
  9
$UCSORGLEFT
 10
0.0
 20
0.0
 30
0.0
  9
$UCSORGRIGHT
 10
0.0
 20
0.0
 30
0.0
  9
$UCSORGFRONT
 10
0.0
 20
0.0
 30
0.0
  9
$UCSORGBACK
 10
0.0
 20
0.0
 30
0.0
  9
$PUCSBASE
  2

  9
$PUCSNAME
  2

  9
$PUCSORG
 10
0.0
 20
0.0
 30
0.0
  9
$PUCSXDIR
 10
1.0
 20
0.0
 30
0.0
  9
$PUCSYDIR
 10
0.0
 20
1.0
 30
0.0
  9
$PUCSORTHOREF
  2

  9
$PUCSORTHOVIEW
 70
     0
  9
$PUCSORGTOP
 10
0.0
 20
0.0
 30
0.0
  9
$PUCSORGBOTTOM
 10
0.0
 20
0.0
 30
0.0
  9
$PUCSORGLEFT
 10
0.0
 20
0.0
 30
0.0
  9
$PUCSORGRIGHT
 10
0.0
 20
0.0
 30
0.0
  9
$PUCSORGFRONT
 10
0.0
 20
0.0
 30
0.0
  9
$PUCSORGBACK
 10
0.0
 20
0.0
 30
0.0
  9
$USERI1
 70
     0
  9
$USERI2
 70
     0
  9
$USERI3
 70
     0
  9
$USERI4
 70
     0
  9
$USERI5
 70
     0
  9
$USERR1
 40
0.0
  9
$USERR2
 40
0.0
  9
$USERR3
 40
0.0
  9
$USERR4
 40
0.0
  9
$USERR5
 40
0.0
  9
$WORLDVIEW
 70
     1
  9
$SHADEDGE
 70
     3
  9
$SHADEDIF
 70
    70
  9
$TILEMODE
 70
     1
  9
$MAXACTVP
 70
    64
  9
$PINSBASE
 10
0.0
 20
0.0
 30
0.0
  9
$PLIMCHECK
 70
     0
  9
$PEXTMIN
 10
1.000000000000000E+20
 20
1.000000000000000E+20
 30
1.000000000000000E+20
  9
$PEXTMAX
 10
-1.000000000000000E+20
 20
-1.000000000000000E+20
 30
-1.000000000000000E+20
  9
$PLIMMIN
 10
0.0
 20
0.0
  9
$PLIMMAX
 10
12.0
 20
9.0
  9
$UNITMODE
 70
     0
  9
$VISRETAIN
 70
     1
  9
$PLINEGEN
 70
     0
  9
$PSLTSCALE
 70
     1
  9
$TREEDEPTH
 70
  3020
  9
$CMLSTYLE
  2
Standard
  9
$CMLJUST
 70
     0
  9
$CMLSCALE
 40
1.0
  9
$PROXYGRAPHICS
 70
     1
  9
$MEASUREMENT
 70
     0
  9
$CELWEIGHT
370
    -1
  9
$ENDCAPS
280
     0
  9
$JOINSTYLE
280
     0
  9
$LWDISPLAY
290
     0
  9
$INSUNITS
 70
     4
  9
$HYPERLINKBASE
  1

  9
$STYLESHEET
  1

  9
$XEDIT
290
     1
  9
$CEPSNTYPE
380
     0
  9
$PSTYLEMODE
290
     1
  9
$FINGERPRINTGUID
  2
{572d0ee3-1aa3-4cda-bcf5-48528fa15553}
  9
$VERSIONGUID
  2
{FAEB1C32-E019-11D5-929B-00C0DF256EC4}
  9
$EXTNAMES
290
     1
  9
$PSVPSCALE
 40
0.0
  9
$OLESTARTUP
290
     0
  9
$SORTENTS
280
   127
  9
$INDEXCTL
280
     0
  9
$HIDETEXT
280
     1
  9
$XCLIPFRAME
280
     2
  9
$HALOGAP
280
     0
  9
$OBSCOLOR
 70
   257
  9
$OBSLTYPE
280
     0
  9
$INTERSECTIONDISPLAY
280
     0
  9
$INTERSECTIONCOLOR
 70
   257
  9
$DIMASSOC
280
     2
  9
$PROJECTNAME
  1

  9
$CAMERADISPLAY
290
     0
  9
$LENSLENGTH
 40
50.0
  9
$CAMERAHEIGHT
 40
0.0
  9
$STEPSPERSEC
 40
2.0
  9
$STEPSIZE
 40
6.0
  9
$3DDWFPREC
 40
2.0
  9
$PSOLWIDTH
 40
0.25
  9
$PSOLHEIGHT
 40
4.0
  9
$LOFTANG1
 40
1.570796326794897
  9
$LOFTANG2
 40
1.570796326794897
  9
$LOFTMAG1
 40
0.0
  9
$LOFTMAG2
 40
0.0
  9
$LOFTPARAM
 70
     7
  9
$LOFTNORMALS
280
     1
  9
$LATITUDE
 40
37.795
  9
$LONGITUDE
 40
-122.394
  9
$NORTHDIRECTION
 40
0.0
  9
$TIMEZONE
 70
 -8000
  9
$LIGHTGLYPHDISPLAY
280
     1
  9
$TILEMODELIGHTSYNCH
280
     1
  9
$CMATERIAL
347
44
  9
$SOLIDHIST
280
     0
  9
$SHOWHIST
280
     1
  9
$DWFFRAME
280
     2
  9
$DGNFRAME
280
     2
  9
$REALWORLDSCALE
290
     1
  9
$INTERFERECOLOR
 62
   256
  9
$CSHADOW
280
     0
  9
$SHADOWPLANELOCATION
 40
0.0
  0
ENDSEC
  0
SECTION
  2
CLASSES
  0
CLASS
  1
ACDBDICTIONARYWDFLT
  2
AcDbDictionaryWithDefault
  3
ObjectDBX Classes
 90
        0
 91
        3
280
     0
281
     0
  0
CLASS
  1
VISUALSTYLE
  2
AcDbVisualStyle
  3
ObjectDBX Classes
 90
     4095
 91
        3
280
     0
281
     0
  0
CLASS
  1
MATERIAL
  2
AcDbMaterial
  3
ObjectDBX Classes
 90
     1153
 91
        3
280
     0
281
     0
  0
CLASS
  1
SCALE
  2
AcDbScale
  3
ObjectDBX Classes
 90
     1153
 91
        3
280
     0
281
     0
  0
CLASS
  1
TABLESTYLE
  2
AcDbTableStyle
  3
ObjectDBX Classes
 90
     4095
 91
        3
280
     0
281
     0
  0
CLASS
  1
MLEADERSTYLE
  2
AcDbMLeaderStyle
  3
ACDB_MLEADERSTYLE_CLASS
 90
     4095
 91
        3
280
     0
281
     0
  0
CLASS
  1
SUN
  2
AcDbSun
  3
SCENEOE
 90
     1153
 91
        3
280
     0
281
     0
  0
CLASS
  1
DICTIONARYVAR
  2
AcDbDictionaryVar
  3
ObjectDBX Classes
 90
        0
 91
        3
280
     0
281
     0
  0
CLASS
  1
CELLSTYLEMAP
  2
AcDbCellStyleMap
  3
ObjectDBX Classes
 90
     1152
 91
        3
280
     0
281
     0
  0
ENDSEC
  0
SECTION
  2
TABLES
  0
TABLE
  2
VPORT
  5
8
330
0
100
AcDbSymbolTable
 70
     1
  0
VPORT
  5
29
330
8
100
AcDbSymbolTableRecord
100
AcDbViewportTableRecord
  2
*Active
 70
     0
 10
0.0
 20
0.0
 11
1.0
 21
1.0
 12
10.42990654205607
 22
4.5
 13
0.0
 23
0.0
 14
0.5
 24
0.5
 15
0.5
 25
0.5
 16
0.0
 26
0.0
 36
1.0
 17
0.0
 27
0.0
 37
0.0
 40
9.0
 41
1.972972972850329
 42
50.0
 43
0.0
 44
0.0
 50
0.0
 51
0.0
 71
     0
 72
   100
 73
     1
 74
     3
 75
     0
 76
     0
 77
     0
 78
     0
281
     0
 65
     1
110
0.0
120
0.0
130
0.0
111
1.0
121
0.0
131
0.0
112
0.0
122
1.0
132
0.0
 79
     0
146
0.0
348
2F
 60
     3
 61
     5
292
     1
282
     1
141
0.0
142
0.0
 63
   250
361
5D
  0
ENDTAB
  0
TABLE
  2
LTYPE
  5
5
330
0
100
AcDbSymbolTable
 70
     1
  0
LTYPE
  5
14
330
5
100
AcDbSymbolTableRecord
100
AcDbLinetypeTableRecord
  2
ByBlock
 70
     0
  3

 72
    65
 73
     0
 40
0.0
  0
LTYPE
  5
15
330
5
100
AcDbSymbolTableRecord
100
AcDbLinetypeTableRecord
  2
ByLayer
 70
     0
  3

 72
    65
 73
     0
 40
0.0
  0
LTYPE
  5
16
330
5
100
AcDbSymbolTableRecord
100
AcDbLinetypeTableRecord
  2
Continuous
 70
     0
  3
Solid line
 72
    65
 73
     0
 40
0.0
  0
ENDTAB
  0
TABLE
  2
LAYER
  5
2
330
0
100
AcDbSymbolTable
 70
     2
  0
LAYER
  5
10
330
2
100
AcDbSymbolTableRecord
100
AcDbLayerTableRecord
  2
0
 70
     0
 62
     7
  6
Continuous
370
    -3
390
F
347
46
348
0
  0
LAYER
  5
5F
330
2
100
AcDbSymbolTableRecord
100
AcDbLayerTableRecord
  2
Camada 1
 70
     0
 62
     7
  6
Continuous
370
    -3
390
F
347
46
348
0
  0
ENDTAB
  0
TABLE
  2
STYLE
  5
3
330
0
100
AcDbSymbolTable
 70
     1
  0
STYLE
  5
11
330
3
100
AcDbSymbolTableRecord
100
AcDbTextStyleTableRecord
  2
Standard
 70
     0
 40
0.0
 41
1.0
 50
0.0
 71
     0
 42
0.2
  3
txt
  4

  0
ENDTAB
  0
TABLE
  2
VIEW
  5
6
330
0
100
AcDbSymbolTable
 70
     0
  0
ENDTAB
  0
TABLE
  2
UCS
  5
7
330
0
100
AcDbSymbolTable
 70
     0
  0
ENDTAB
  0
TABLE
  2
APPID
  5
9
330
0
100
AcDbSymbolTable
 70
     2
  0
APPID
  5
12
330
9
100
AcDbSymbolTableRecord
100
AcDbRegAppTableRecord
  2
ACAD
 70
     0
  0
APPID
  5
5E
330
9
100
AcDbSymbolTableRecord
100
AcDbRegAppTableRecord
  2
ODA
 70
     0
  0
ENDTAB
  0
TABLE
  2
DIMSTYLE
  5
A
330
0
100
AcDbSymbolTable
 70
     1
100
AcDbDimStyleTable
  0
DIMSTYLE
105
27
330
A
100
AcDbSymbolTableRecord
100
AcDbDimStyleTableRecord
  2
Standard
 70
     0
178
     0
340
11
  0
ENDTAB
  0
TABLE
  2
BLOCK_RECORD
  5
1
330
0
100
AcDbSymbolTable
 70
     1
  0
BLOCK_RECORD
  5
1F
330
1
100
AcDbSymbolTableRecord
100
AcDbBlockTableRecord
  2
*Model_Space
340
22
 70
     0
280
     1
281
     0
  0
BLOCK_RECORD
  5
1B
330
1
100
AcDbSymbolTableRecord
100
AcDbBlockTableRecord
  2
*Paper_Space
340
1E
 70
     0
280
     1
281
     0
  0
BLOCK_RECORD
  5
23
330
1
100
AcDbSymbolTableRecord
100
AcDbBlockTableRecord
  2
*Paper_Space0
340
26
 70
     0
280
     1
281
     0
  0
ENDTAB
  0
ENDSEC
  0
SECTION
  2
BLOCKS
  0
BLOCK
  5
20
330
1F
100
AcDbEntity
  8
0
100
AcDbBlockBegin
  2
*Model_Space
 70
     0
 10
0.0
 20
0.0
 30
0.0
  3
*Model_Space
  1

  0
ENDBLK
  5
21
330
1F
100
AcDbEntity
  8
0
100
AcDbBlockEnd
  0
BLOCK
  5
1C
330
1B
100
AcDbEntity
 67
     1
  8
0
100
AcDbBlockBegin
  2
*Paper_Space
 70
     0
 10
0.0
 20
0.0
 30
0.0
  3
*Paper_Space
  1

  0
ENDBLK
  5
1D
330
1B
100
AcDbEntity
 67
     1
  8
0
100
AcDbBlockEnd
  0
BLOCK
  5
24
330
23
100
AcDbEntity
  8
0
100
AcDbBlockBegin
  2
*Paper_Space0
 70
     0
 10
0.0
 20
0.0
 30
0.0
  3
*Paper_Space0
  1

  0
ENDBLK
  5
25
330
23
100
AcDbEntity
  8
0
100
AcDbBlockEnd
  0
ENDSEC
  0
SECTION
  2
ENTITIES
  0
SPLINE
  5
60
330
1F
100
AcDbEntity
  8
Camada 1
 62
    31
100
AcDbSpline
210
0.0
220
0.0
230
1.0
 70
    11
 71
     3
 72
    29
 73
    25
 74
     0
 42
0.0000000001
 43
0.0000000001
 40
0.0
 40
0.0
 40
0.0
 40
0.0
 40
0.125
 40
0.125
 40
0.125
 40
0.25
 40
0.25
 40
0.25
 40
0.375
 40
0.375
 40
0.375
 40
0.5
 40
0.5
 40
0.5
 40
0.625
 40
0.625
 40
0.625
 40
0.75
 40
0.75
 40
0.75
 40
0.875
 40
0.875
 40
0.875
 40
1.0
 40
1.0
 40
1.0
 40
1.0
 10
54.2074
 20
-52.2821
 30
0.0
 10
54.2074
 20
-52.2821
 30
0.0
 10
105.7074
 20
-52.2821
 30
0.0
 10
105.7074
 20
-52.2821
 30
0.0
 10
108.0449
 20
-52.2821
 30
0.0
 10
109.9573
 20
-54.1945
 30
0.0
 10
109.9573
 20
-56.532
 30
0.0
 10
109.9573
 20
-56.532
 30
0.0
 10
109.9573
 20
-73.0321
 30
0.0
 10
109.9573
 20
-73.0321
 30
0.0
 10
109.9573
 20
-75.3695
 30
0.0
 10
108.0449
 20
-77.2819
 30
0.0
 10
105.7074
 20
-77.2819
 30
0.0
 10
105.7074
 20
-77.2819
 30
0.0
 10
54.2074
 20
-77.2819
 30
0.0
 10
54.2074
 20
-77.2819
 30
0.0
 10
51.8699
 20
-77.2819
 30
0.0
 10
49.9575
 20
-75.3695
 30
0.0
 10
49.9575
 20
-73.0321
 30
0.0
 10
49.9575
 20
-73.0321
 30
0.0
 10
49.9575
 20
-56.532
 30
0.0
 10
49.9575
 20
-56.532
 30
0.0
 10
49.9575
 20
-54.1945
 30
0.0
 10
51.8699
 20
-52.2821
 30
0.0
 10
54.2074
 20
-52.2821
 30
0.0
  0
SPLINE
  5
61
330
1F
100
AcDbEntity
  8
Camada 1
 62
   250
100
AcDbSpline
210
0.0
220
0.0
230
1.0
 70
    11
 71
     3
 72
    29
 73
    25
 74
     0
 42
0.0000000001
 43
0.0000000001
 40
0.0
 40
0.0
 40
0.0
 40
0.0
 40
0.125
 40
0.125
 40
0.125
 40
0.25
 40
0.25
 40
0.25
 40
0.375
 40
0.375
 40
0.375
 40
0.5
 40
0.5
 40
0.5
 40
0.625
 40
0.625
 40
0.625
 40
0.75
 40
0.75
 40
0.75
 40
0.875
 40
0.875
 40
0.875
 40
1.0
 40
1.0
 40
1.0
 40
1.0
 10
54.2074
 20
-54.2821
 30
0.0
 10
52.9738
 20
-54.2821
 30
0.0
 10
51.9575
 20
-55.2984
 30
0.0
 10
51.9575
 20
-56.532
 30
0.0
 10
51.9575
 20
-56.532
 30
0.0
 10
51.9575
 20
-73.0321
 30
0.0
 10
51.9575
 20
-73.0321
 30
0.0
 10
51.9575
 20
-74.2656
 30
0.0
 10
52.9738
 20
-75.2819
 30
0.0
 10
54.2074
 20
-75.2819
 30
0.0
 10
54.2074
 20
-75.2819
 30
0.0
 10
105.7074
 20
-75.2819
 30
0.0
 10
105.7074
 20
-75.2819
 30
0.0
 10
106.941
 20
-75.2819
 30
0.0
 10
107.9573
 20
-74.2656
 30
0.0
 10
107.9573
 20
-73.0321
 30
0.0
 10
107.9573
 20
-73.0321
 30
0.0
 10
107.9573
 20
-56.532
 30
0.0
 10
107.9573
 20
-56.532
 30
0.0
 10
107.9573
 20
-55.2984
 30
0.0
 10
106.941
 20
-54.2821
 30
0.0
 10
105.7074
 20
-54.2821
 30
0.0
 10
105.7074
 20
-54.2821
 30
0.0
 10
54.2074
 20
-54.2821
 30
0.0
 10
54.2074
 20
-54.2821
 30
0.0
  0
SPLINE
  5
62
330
1F
100
AcDbEntity
  8
Camada 1
 62
   250
100
AcDbSpline
210
0.0
220
0.0
230
1.0
 70
    11
 71
     3
 72
    29
 73
    25
 74
     0
 42
0.0000000001
 43
0.0000000001
 40
0.0
 40
0.0
 40
0.0
 40
0.0
 40
0.125
 40
0.125
 40
0.125
 40
0.25
 40
0.25
 40
0.25
 40
0.375
 40
0.375
 40
0.375
 40
0.5
 40
0.5
 40
0.5
 40
0.625
 40
0.625
 40
0.625
 40
0.75
 40
0.75
 40
0.75
 40
0.875
 40
0.875
 40
0.875
 40
1.0
 40
1.0
 40
1.0
 40
1.0
 10
54.2074
 20
-54.4821
 30
0.0
 10
53.0842
 20
-54.4821
 30
0.0
 10
52.1575
 20
-55.4088
 30
0.0
 10
52.1575
 20
-56.532
 30
0.0
 10
52.1575
 20
-56.532
 30
0.0
 10
52.1575
 20
-73.0321
 30
0.0
 10
52.1575
 20
-73.0321
 30
0.0
 10
52.1575
 20
-74.1552
 30
0.0
 10
53.0842
 20
-75.0819
 30
0.0
 10
54.2074
 20
-75.0819
 30
0.0
 10
54.2074
 20
-75.0819
 30
0.0
 10
105.7074
 20
-75.0819
 30
0.0
 10
105.7074
 20
-75.0819
 30
0.0
 10
106.8306
 20
-75.0819
 30
0.0
 10
107.7573
 20
-74.1552
 30
0.0
 10
107.7573
 20
-73.0321
 30
0.0
 10
107.7573
 20
-73.0321
 30
0.0
 10
107.7573
 20
-56.532
 30
0.0
 10
107.7573
 20
-56.532
 30
0.0
 10
107.7573
 20
-55.4088
 30
0.0
 10
106.8306
 20
-54.4821
 30
0.0
 10
105.7074
 20
-54.4821
 30
0.0
 10
105.7074
 20
-54.4821
 30
0.0
 10
54.2074
 20
-54.4821
 30
0.0
 10
54.2074
 20
-54.4821
 30
0.0
  0
SPLINE
  5
63
330
1F
100
AcDbEntity
  8
Camada 1
 62
   250
100
AcDbSpline
210
0.0
220
0.0
230
1.0
 70
    11
 71
     3
 72
    17
 73
    13
 74
     0
 42
0.0000000001
 43
0.0000000001
 40
0.0
 40
0.0
 40
0.0
 40
0.0
 40
0.25
 40
0.25
 40
0.25
 40
0.5
 40
0.5
 40
0.5
 40
0.75
 40
0.75
 40
0.75
 40
1.0
 40
1.0
 40
1.0
 40
1.0
 10
69.4798
 20
-72.282
 30
0.0
 10
69.4798
 20
-72.282
 30
0.0
 10
69.6825
 20
-72.282
 30
0.0
 10
69.6825
 20
-72.282
 30
0.0
 10
69.6825
 20
-72.282
 30
0.0
 10
69.6825
 20
-57.2821
 30
0.0
 10
69.6825
 20
-57.2821
 30
0.0
 10
69.6825
 20
-57.2821
 30
0.0
 10
69.4798
 20
-57.2821
 30
0.0
 10
69.4798
 20
-57.2821
 30
0.0
 10
69.4798
 20
-57.2821
 30
0.0
 10
69.4798
 20
-72.282
 30
0.0
 10
69.4798
 20
-72.282
 30
0.0
  0
SPLINE
  5
64
330
1F
100
AcDbEntity
  8
Camada 1
 62
   250
100
AcDbSpline
210
0.0
220
0.0
230
1.0
 70
    11
 71
     3
 72
   137
 73
   133
 74
     0
 42
0.0000000001
 43
0.0000000001
 40
0.0
 40
0.0
 40
0.0
 40
0.0
 40
0.0227272727272727
 40
0.0227272727272727
 40
0.0227272727272727
 40
0.0454545454545455
 40
0.0454545454545455
 40
0.0454545454545455
 40
0.0681818181818182
 40
0.0681818181818182
 40
0.0681818181818182
 40
0.0909090909090909
 40
0.0909090909090909
 40
0.0909090909090909
 40
0.1136363636363636
 40
0.1136363636363636
 40
0.1136363636363636
 40
0.1363636363636364
 40
0.1363636363636364
 40
0.1363636363636364
 40
0.1590909090909091
 40
0.1590909090909091
 40
0.1590909090909091
 40
0.1818181818181818
 40
0.1818181818181818
 40
0.1818181818181818
 40
0.2045454545454546
 40
0.2045454545454546
 40
0.2045454545454546
 40
0.2272727272727273
 40
0.2272727272727273
 40
0.2272727272727273
 40
0.25
 40
0.25
 40
0.25
 40
0.2727272727272727
 40
0.2727272727272727
 40
0.2727272727272727
 40
0.2954545454545455
 40
0.2954545454545455
 40
0.2954545454545455
 40
0.3181818181818182
 40
0.3181818181818182
 40
0.3181818181818182
 40
0.3409090909090909
 40
0.3409090909090909
 40
0.3409090909090909
 40
0.3636363636363636
 40
0.3636363636363636
 40
0.3636363636363636
 40
0.3863636363636364
 40
0.3863636363636364
 40
0.3863636363636364
 40
0.4090909090909091
 40
0.4090909090909091
 40
0.4090909090909091
 40
0.4318181818181818
 40
0.4318181818181818
 40
0.4318181818181818
 40
0.4545454545454546
 40
0.4545454545454546
 40
0.4545454545454546
 40
0.4772727272727273
 40
0.4772727272727273
 40
0.4772727272727273
 40
0.5
 40
0.5
 40
0.5
 40
0.5227272727272727
 40
0.5227272727272727
 40
0.5227272727272727
 40
0.5454545454545454
 40
0.5454545454545454
 40
0.5454545454545454
 40
0.5681818181818182
 40
0.5681818181818182
 40
0.5681818181818182
 40
0.5909090909090909
 40
0.5909090909090909
 40
0.5909090909090909
 40
0.6136363636363636
 40
0.6136363636363636
 40
0.6136363636363636
 40
0.6363636363636364
 40
0.6363636363636364
 40
0.6363636363636364
 40
0.6590909090909091
 40
0.6590909090909091
 40
0.6590909090909091
 40
0.6818181818181819
 40
0.6818181818181819
 40
0.6818181818181819
 40
0.7045454545454546
 40
0.7045454545454546
 40
0.7045454545454546
 40
0.7272727272727273
 40
0.7272727272727273
 40
0.7272727272727273
 40
0.75
 40
0.75
 40
0.75
 40
0.7727272727272727
 40
0.7727272727272727
 40
0.7727272727272727
 40
0.7954545454545455
 40
0.7954545454545455
 40
0.7954545454545455
 40
0.8181818181818182
 40
0.8181818181818182
 40
0.8181818181818182
 40
0.8409090909090909
 40
0.8409090909090909
 40
0.8409090909090909
 40
0.8636363636363636
 40
0.8636363636363636
 40
0.8636363636363636
 40
0.8863636363636364
 40
0.8863636363636364
 40
0.8863636363636364
 40
0.9090909090909092
 40
0.9090909090909092
 40
0.9090909090909092
 40
0.9318181818181819
 40
0.9318181818181819
 40
0.9318181818181819
 40
0.9545454545454546
 40
0.9545454545454546
 40
0.9545454545454546
 40
0.9772727272727273
 40
0.9772727272727273
 40
0.9772727272727273
 40
1.0
 40
1.0
 40
1.0
 40
1.0
 10
67.027
 20
-62.2108
 30
0.0
 10
67.0445
 20
-62.2185
 30
0.0
 10
67.0537
 20
-62.2378
 30
0.0
 10
67.0487
 20
-62.2564
 30
0.0
 10
67.0099
 20
-62.3999
 30
0.0
 10
66.9835
 20
-62.5454
 30
0.0
 10
66.9265
 20
-62.6721
 30
0.0
 10
66.8637
 20
-62.8113
 30
0.0
 10
66.8214
 20
-62.9015
 30
0.0
 10
66.7994
 20
-62.9425
 30
0.0
 10
66.7009
 20
-63.1262
 30
0.0
 10
66.5534
 20
-63.328
 30
0.0
 10
66.357
 20
-63.5475
 30
0.0
 10
66.1868
 20
-63.7376
 30
0.0
 10
65.991
 20
-63.8968
 30
0.0
 10
65.7699
 20
-64.0253
 30
0.0
 10
65.5917
 20
-64.1289
 30
0.0
 10
65.4894
 20
-64.1872
 30
0.0
 10
65.4632
 20
-64.2004
 30
0.0
 10
65.2789
 20
-64.293
 30
0.0
 10
65.1571
 20
-64.3632
 30
0.0
 10
64.9699
 20
-64.4072
 30
0.0
 10
64.899
 20
-64.424
 30
0.0
 10
64.8019
 20
-64.4505
 30
0.0
 10
64.6786
 20
-64.4866
 30
0.0
 10
64.6416
 20
-64.4975
 30
0.0
 10
64.5548
 20
-64.5076
 30
0.0
 10
64.4185
 20
-64.5168
 30
0.0
 10
64.3196
 20
-64.5236
 30
0.0
 10
64.2324
 20
-64.5247
 30
0.0
 10
64.1566
 20
-64.5202
 30
0.0
 10
63.9451
 20
-64.5079
 30
0.0
 10
63.8088
 20
-64.5011
 30
0.0
 10
63.624
 20
-64.4644
 30
0.0
 10
63.474
 20
-64.4345
 30
0.0
 10
63.3263
 20
-64.3756
 30
0.0
 10
63.1776
 20
-64.3271
 30
0.0
 10
62.957
 20
-64.2549
 30
0.0
 10
62.7659
 20
-64.1489
 30
0.0
 10
62.5733
 20
-64.0177
 30
0.0
 10
62.247
 20
-63.795
 30
0.0
 10
61.9652
 20
-63.5226
 30
0.0
 10
61.7279
 20
-63.1999
 30
0.0
 10
61.6223
 20
-63.0566
 30
0.0
 10
61.5371
 20
-62.9089
 30
0.0
 10
61.4723
 20
-62.7566
 30
0.0
 10
61.403
 20
-62.5941
 30
0.0
 10
61.3441
 20
-62.4335
 30
0.0
 10
61.2952
 20
-62.275
 30
0.0
 10
61.2853
 20
-62.2429
 30
0.0
 10
61.2642
 20
-62.1407
 30
0.0
 10
61.2322
 20
-61.9684
 30
0.0
 10
61.2097
 20
-61.8476
 30
0.0
 10
61.1976
 20
-61.744
 30
0.0
 10
61.1958
 20
-61.6577
 30
0.0
 10
61.1781
 20
-60.7953
 30
0.0
 10
61.5125
 20
-59.962
 30
0.0
 10
62.1174
 20
-59.373
 30
0.0
 10
62.4226
 20
-59.0759
 30
0.0
 10
62.774
 20
-58.8642
 30
0.0
 10
63.1715
 20
-58.7377
 30
0.0
 10
63.3126
 20
-58.6929
 30
0.0
 10
63.4301
 20
-58.6601
 30
0.0
 10
63.5236
 20
-58.6395
 30
0.0
 10
63.5375
 20
-58.6366
 30
0.0
 10
63.5512
 20
-58.6453
 30
0.0
 10
63.5541
 20
-58.6592
 30
0.0
 10
63.5904
 20
-58.8268
 30
0.0
 10
63.6718
 20
-59.0384
 30
0.0
 10
63.7859
 20
-59.3898
 30
0.0
 10
63.8761
 20
-59.6676
 30
0.0
 10
63.9404
 20
-59.9945
 30
0.0
 10
63.9187
 20
-60.2901
 30
0.0
 10
63.9039
 20
-60.4896
 30
0.0
 10
63.8835
 20
-60.6406
 30
0.0
 10
63.8577
 20
-60.7426
 30
0.0
 10
63.8281
 20
-60.8599
 30
0.0
 10
63.8084
 20
-60.9392
 30
0.0
 10
63.7987
 20
-60.9809
 30
0.0
 10
63.7772
 20
-61.0726
 30
0.0
 10
63.7539
 20
-61.1509
 30
0.0
 10
63.7285
 20
-61.2157
 30
0.0
 10
63.6467
 20
-61.4258
 30
0.0
 10
63.5758
 20
-61.5814
 30
0.0
 10
63.5162
 20
-61.6826
 30
0.0
 10
63.3368
 20
-61.9864
 30
0.0
 10
63.1227
 20
-62.2501
 30
0.0
 10
62.8735
 20
-62.4741
 30
0.0
 10
62.7686
 20
-62.5685
 30
0.0
 10
62.6551
 20
-62.6409
 30
0.0
 10
62.5329
 20
-62.6918
 30
0.0
 10
62.5132
 20
-62.7001
 30
0.0
 10
62.5056
 20
-62.7239
 30
0.0
 10
62.517
 20
-62.742
 30
0.0
 10
62.6242
 20
-62.9127
 30
0.0
 10
62.7632
 20
-63.0479
 30
0.0
 10
62.9143
 20
-63.1975
 30
0.0
 10
62.9265
 20
-63.2096
 30
0.0
 10
62.9457
 20
-63.2107
 30
0.0
 10
62.9592
 20
-63.2001
 30
0.0
 10
62.9926
 20
-63.1739
 30
0.0
 10
63.0305
 20
-63.1416
 30
0.0
 10
63.0724
 20
-63.1037
 30
0.0
 10
63.1493
 20
-63.034
 30
0.0
 10
63.2148
 20
-62.9118
 30
0.0
 10
63.2745
 20
-62.8477
 30
0.0
 10
63.4621
 20
-62.6452
 30
0.0
 10
63.6749
 20
-62.4647
 30
0.0
 10
63.9129
 20
-62.3061
 30
0.0
 10
64.1692
 20
-62.1355
 30
0.0
 10
64.4519
 20
-62.0196
 30
0.0
 10
64.7329
 20
-61.9288
 30
0.0
 10
64.8407
 20
-61.8938
 30
0.0
 10
64.9374
 20
-61.8693
 30
0.0
 10
65.0232
 20
-61.8552
 30
0.0
 10
65.2562
 20
-61.8171
 30
0.0
 10
65.4352
 20
-61.7969
 30
0.0
 10
65.5601
 20
-61.7947
 30
0.0
 10
65.5984
 20
-61.794
 30
0.0
 10
65.6906
 20
-61.7994
 30
0.0
 10
65.8365
 20
-61.811
 30
0.0
 10
65.9096
 20
-61.8169
 30
0.0
 10
65.9747
 20
-61.8276
 30
0.0
 10
66.0314
 20
-61.8436
 30
0.0
 10
66.107
 20
-61.8646
 30
0.0
 10
66.2002
 20
-61.8756
 30
0.0
 10
66.2881
 20
-61.9023
 30
0.0
 10
66.5278
 20
-61.9747
 30
0.0
 10
66.7536
 20
-62.0694
 30
0.0
 10
66.9658
 20
-62.186
 30
0.0
 10
66.9801
 20
-62.1938
 30
0.0
 10
67.0084
 20
-62.2028
 30
0.0
 10
67.027
 20
-62.2108
 30
0.0
  0
SPLINE
  5
65
330
1F
100
AcDbEntity
  8
Camada 1
 62
   250
100
AcDbSpline
210
0.0
220
0.0
230
1.0
 70
    11
 71
     3
 72
   143
 73
   139
 74
     0
 42
0.0000000001
 43
0.0000000001
 40
0.0
 40
0.0
 40
0.0
 40
0.0
 40
0.0217391304347826
 40
0.0217391304347826
 40
0.0217391304347826
 40
0.0434782608695652
 40
0.0434782608695652
 40
0.0434782608695652
 40
0.0652173913043478
 40
0.0652173913043478
 40
0.0652173913043478
 40
0.0869565217391304
 40
0.0869565217391304
 40
0.0869565217391304
 40
0.108695652173913
 40
0.108695652173913
 40
0.108695652173913
 40
0.1304347826086956
 40
0.1304347826086956
 40
0.1304347826086956
 40
0.1521739130434783
 40
0.1521739130434783
 40
0.1521739130434783
 40
0.1739130434782609
 40
0.1739130434782609
 40
0.1739130434782609
 40
0.1956521739130435
 40
0.1956521739130435
 40
0.1956521739130435
 40
0.2173913043478261
 40
0.2173913043478261
 40
0.2173913043478261
 40
0.2391304347826087
 40
0.2391304347826087
 40
0.2391304347826087
 40
0.2608695652173913
 40
0.2608695652173913
 40
0.2608695652173913
 40
0.2826086956521739
 40
0.2826086956521739
 40
0.2826086956521739
 40
0.3043478260869565
 40
0.3043478260869565
 40
0.3043478260869565
 40
0.3260869565217391
 40
0.3260869565217391
 40
0.3260869565217391
 40
0.3478260869565217
 40
0.3478260869565217
 40
0.3478260869565217
 40
0.3695652173913043
 40
0.3695652173913043
 40
0.3695652173913043
 40
0.3913043478260869
 40
0.3913043478260869
 40
0.3913043478260869
 40
0.4130434782608696
 40
0.4130434782608696
 40
0.4130434782608696
 40
0.4347826086956522
 40
0.4347826086956522
 40
0.4347826086956522
 40
0.4565217391304348
 40
0.4565217391304348
 40
0.4565217391304348
 40
0.4782608695652174
 40
0.4782608695652174
 40
0.4782608695652174
 40
0.5
 40
0.5
 40
0.5
 40
0.5217391304347826
 40
0.5217391304347826
 40
0.5217391304347826
 40
0.5434782608695652
 40
0.5434782608695652
 40
0.5434782608695652
 40
0.5652173913043478
 40
0.5652173913043478
 40
0.5652173913043478
 40
0.5869565217391304
 40
0.5869565217391304
 40
0.5869565217391304
 40
0.6086956521739131
 40
0.6086956521739131
 40
0.6086956521739131
 40
0.6304347826086957
 40
0.6304347826086957
 40
0.6304347826086957
 40
0.6521739130434783
 40
0.6521739130434783
 40
0.6521739130434783
 40
0.6739130434782609
 40
0.6739130434782609
 40
0.6739130434782609
 40
0.6956521739130435
 40
0.6956521739130435
 40
0.6956521739130435
 40
0.717391304347826
 40
0.717391304347826
 40
0.717391304347826
 40
0.7391304347826086
 40
0.7391304347826086
 40
0.7391304347826086
 40
0.7608695652173912
 40
0.7608695652173912
 40
0.7608695652173912
 40
0.7826086956521738
 40
0.7826086956521738
 40
0.7826086956521738
 40
0.8043478260869565
 40
0.8043478260869565
 40
0.8043478260869565
 40
0.8260869565217391
 40
0.8260869565217391
 40
0.8260869565217391
 40
0.8478260869565217
 40
0.8478260869565217
 40
0.8478260869565217
 40
0.8695652173913043
 40
0.8695652173913043
 40
0.8695652173913043
 40
0.8913043478260869
 40
0.8913043478260869
 40
0.8913043478260869
 40
0.9130434782608695
 40
0.9130434782608695
 40
0.9130434782608695
 40
0.9347826086956521
 40
0.9347826086956521
 40
0.9347826086956521
 40
0.9565217391304348
 40
0.9565217391304348
 40
0.9565217391304348
 40
0.9782608695652174
 40
0.9782608695652174
 40
0.9782608695652174
 40
1.0
 40
1.0
 40
1.0
 40
1.0
 10
66.8776
 20
-62.3034
 30
0.0
 10
66.8521
 20
-62.2878
 30
0.0
 10
66.8232
 20
-62.2734
 30
0.0
 10
66.7911
 20
-62.2604
 30
0.0
 10
66.5913
 20
-62.179
 30
0.0
 10
66.4171
 20
-62.116
 30
0.0
 10
66.2682
 20
-62.0711
 30
0.0
 10
66.209
 20
-62.0534
 30
0.0
 10
66.165
 20
-62.0422
 30
0.0
 10
66.1366
 20
-62.0375
 30
0.0
 10
66.0213
 20
-62.0191
 30
0.0
 10
65.911
 20
-61.9859
 30
0.0
 10
65.8022
 20
-61.9792
 30
0.0
 10
65.484
 20
-61.9602
 30
0.0
 10
65.2143
 20
-61.9725
 30
0.0
 10
64.9928
 20
-62.0162
 30
0.0
 10
64.7243
 20
-62.0696
 30
0.0
 10
64.436
 20
-62.1792
 30
0.0
 10
64.1277
 20
-62.3454
 30
0.0
 10
63.9108
 20
-62.4624
 30
0.0
 10
63.7117
 20
-62.6266
 30
0.0
 10
63.5552
 20
-62.7977
 30
0.0
 10
63.3989
 20
-62.9685
 30
0.0
 10
63.2348
 20
-63.1723
 30
0.0
 10
63.0628
 20
-63.4091
 30
0.0
 10
63.0437
 20
-63.4354
 30
0.0
 10
63.02
 20
-63.4473
 30
0.0
 10
62.9919
 20
-63.4448
 30
0.0
 10
62.9848
 20
-63.4441
 30
0.0
 10
62.978
 20
-63.4412
 30
0.0
 10
62.9727
 20
-63.4365
 30
0.0
 10
62.9103
 20
-63.3804
 30
0.0
 10
62.8168
 20
-63.3363
 30
0.0
 10
62.7381
 20
-63.2699
 30
0.0
 10
62.5545
 20
-63.1154
 30
0.0
 10
62.4083
 20
-62.9425
 30
0.0
 10
62.3
 20
-62.7512
 30
0.0
 10
62.2865
 20
-62.7275
 30
0.0
 10
62.2813
 20
-62.7062
 30
0.0
 10
62.2843
 20
-62.6876
 30
0.0
 10
62.2856
 20
-62.6795
 30
0.0
 10
62.2903
 20
-62.6723
 30
0.0
 10
62.2968
 20
-62.6678
 30
0.0
 10
62.3192
 20
-62.6519
 30
0.0
 10
62.3605
 20
-62.6167
 30
0.0
 10
62.4208
 20
-62.5624
 30
0.0
 10
62.513
 20
-62.4792
 30
0.0
 10
62.6255
 20
-62.4138
 30
0.0
 10
62.7363
 20
-62.3409
 30
0.0
 10
63.0027
 20
-62.1658
 30
0.0
 10
63.1283
 20
-61.9646
 30
0.0
 10
63.3301
 20
-61.6637
 30
0.0
 10
63.4043
 20
-61.5532
 30
0.0
 10
63.4689
 20
-61.4157
 30
0.0
 10
63.5146
 20
-61.322
 30
0.0
 10
63.5868
 20
-61.1733
 30
0.0
 10
63.6433
 20
-61.0159
 30
0.0
 10
63.6841
 20
-60.8498
 30
0.0
 10
63.7084
 20
-60.7504
 30
0.0
 10
63.7162
 20
-60.6764
 30
0.0
 10
63.7303
 20
-60.5587
 30
0.0
 10
63.7366
 20
-60.5074
 30
0.0
 10
63.74
 20
-60.4551
 30
0.0
 10
63.7402
 20
-60.402
 30
0.0
 10
63.7404
 20
-60.3502
 30
0.0
 10
63.7409
 20
-60.2977
 30
0.0
 10
63.7415
 20
-60.245
 30
0.0
 10
63.7418
 20
-60.2253
 30
0.0
 10
63.7413
 20
-60.2046
 30
0.0
 10
63.7406
 20
-60.1831
 30
0.0
 10
63.7348
 20
-60.0313
 30
0.0
 10
63.7196
 20
-59.9019
 30
0.0
 10
63.6947
 20
-59.795
 30
0.0
 10
63.6572
 20
-59.6326
 30
0.0
 10
63.6274
 20
-59.4692
 30
0.0
 10
63.5778
 20
-59.3095
 30
0.0
 10
63.5144
 20
-59.1057
 30
0.0
 10
63.4698
 20
-58.9564
 30
0.0
 10
63.4438
 20
-58.8613
 30
0.0
 10
63.4402
 20
-58.8481
 30
0.0
 10
63.4265
 20
-58.84
 30
0.0
 10
63.4133
 20
-58.8436
 30
0.0
 10
63.1594
 20
-58.9108
 30
0.0
 10
62.9121
 20
-59.0138
 30
0.0
 10
62.6713
 20
-59.1521
 30
0.0
 10
62.5056
 20
-59.2474
 30
0.0
 10
62.3576
 20
-59.3622
 30
0.0
 10
62.2278
 20
-59.4968
 30
0.0
 10
61.9739
 20
-59.7598
 30
0.0
 10
61.7775
 20
-60.0412
 30
0.0
 10
61.6385
 20
-60.3412
 30
0.0
 10
61.5418
 20
-60.5497
 30
0.0
 10
61.4687
 20
-60.7847
 30
0.0
 10
61.4194
 20
-61.0464
 30
0.0
 10
61.3808
 20
-61.2509
 30
0.0
 10
61.3781
 20
-61.4996
 30
0.0
 10
61.3878
 20
-61.7023
 30
0.0
 10
61.4082
 20
-62.1344
 30
0.0
 10
61.5261
 20
-62.5366
 30
0.0
 10
61.7418
 20
-62.9091
 30
0.0
 10
61.7836
 20
-62.9811
 30
0.0
 10
61.8354
 20
-63.0638
 30
0.0
 10
61.8972
 20
-63.1573
 30
0.0
 10
61.9221
 20
-63.195
 30
0.0
 10
61.9515
 20
-63.2331
 30
0.0
 10
61.9849
 20
-63.2717
 30
0.0
 10
62.123
 20
-63.4302
 30
0.0
 10
62.282
 20
-63.5847
 30
0.0
 10
62.4621
 20
-63.7352
 30
0.0
 10
62.7966
 20
-64.0148
 30
0.0
 10
63.1996
 20
-64.1928
 30
0.0
 10
63.5996
 20
-64.2787
 30
0.0
 10
63.688
 20
-64.2978
 30
0.0
 10
63.8514
 20
-64.3191
 30
0.0
 10
64.09
 20
-64.3426
 30
0.0
 10
64.231
 20
-64.3565
 30
0.0
 10
64.3802
 20
-64.3289
 30
0.0
 10
64.5207
 20
-64.3177
 30
0.0
 10
64.6708
 20
-64.3058
 30
0.0
 10
64.8257
 20
-64.2738
 30
0.0
 10
64.9856
 20
-64.2217
 30
0.0
 10
65.2881
 20
-64.1235
 30
0.0
 10
65.5686
 20
-63.9899
 30
0.0
 10
65.8271
 20
-63.821
 30
0.0
 10
65.9906
 20
-63.7141
 30
0.0
 10
66.111
 20
-63.5818
 30
0.0
 10
66.2467
 20
-63.4374
 30
0.0
 10
66.4334
 20
-63.2389
 30
0.0
 10
66.5828
 20
-63.0221
 30
0.0
 10
66.6949
 20
-62.7869
 30
0.0
 10
66.7395
 20
-62.6934
 30
0.0
 10
66.7763
 20
-62.6257
 30
0.0
 10
66.8075
 20
-62.5301
 30
0.0
 10
66.831
 20
-62.4582
 30
0.0
 10
66.8572
 20
-62.3922
 30
0.0
 10
66.8862
 20
-62.3324
 30
0.0
 10
66.8913
 20
-62.3221
 30
0.0
 10
66.8875
 20
-62.3095
 30
0.0
 10
66.8776
 20
-62.3034
 30
0.0
  0
SPLINE
  5
66
330
1F
100
AcDbEntity
  8
Camada 1
 62
   250
100
AcDbSpline
210
0.0
220
0.0
230
1.0
 70
    11
 71
     3
 72
   131
 73
   127
 74
     0
 42
0.0000000001
 43
0.0000000001
 40
0.0
 40
0.0
 40
0.0
 40
0.0
 40
0.0238095238095238
 40
0.0238095238095238
 40
0.0238095238095238
 40
0.0476190476190476
 40
0.0476190476190476
 40
0.0476190476190476
 40
0.0714285714285714
 40
0.0714285714285714
 40
0.0714285714285714
 40
0.0952380952380952
 40
0.0952380952380952
 40
0.0952380952380952
 40
0.119047619047619
 40
0.119047619047619
 40
0.119047619047619
 40
0.1428571428571428
 40
0.1428571428571428
 40
0.1428571428571428
 40
0.1666666666666667
 40
0.1666666666666667
 40
0.1666666666666667
 40
0.1904761904761905
 40
0.1904761904761905
 40
0.1904761904761905
 40
0.2142857142857143
 40
0.2142857142857143
 40
0.2142857142857143
 40
0.2380952380952381
 40
0.2380952380952381
 40
0.2380952380952381
 40
0.2619047619047619
 40
0.2619047619047619
 40
0.2619047619047619
 40
0.2857142857142857
 40
0.2857142857142857
 40
0.2857142857142857
 40
0.3095238095238095
 40
0.3095238095238095
 40
0.3095238095238095
 40
0.3333333333333333
 40
0.3333333333333333
 40
0.3333333333333333
 40
0.3571428571428571
 40
0.3571428571428571
 40
0.3571428571428571
 40
0.3809523809523809
 40
0.3809523809523809
 40
0.3809523809523809
 40
0.4047619047619048
 40
0.4047619047619048
 40
0.4047619047619048
 40
0.4285714285714285
 40
0.4285714285714285
 40
0.4285714285714285
 40
0.4523809523809523
 40
0.4523809523809523
 40
0.4523809523809523
 40
0.4761904761904762
 40
0.4761904761904762
 40
0.4761904761904762
 40
0.5
 40
0.5
 40
0.5
 40
0.5238095238095237
 40
0.5238095238095237
 40
0.5238095238095237
 40
0.5476190476190476
 40
0.5476190476190476
 40
0.5476190476190476
 40
0.5714285714285714
 40
0.5714285714285714
 40
0.5714285714285714
 40
0.5952380952380952
 40
0.5952380952380952
 40
0.5952380952380952
 40
0.6190476190476191
 40
0.6190476190476191
 40
0.6190476190476191
 40
0.6428571428571428
 40
0.6428571428571428
 40
0.6428571428571428
 40
0.6666666666666666
 40
0.6666666666666666
 40
0.6666666666666666
 40
0.6904761904761905
 40
0.6904761904761905
 40
0.6904761904761905
 40
0.7142857142857142
 40
0.7142857142857142
 40
0.7142857142857142
 40
0.738095238095238
 40
0.738095238095238
 40
0.738095238095238
 40
0.7619047619047619
 40
0.7619047619047619
 40
0.7619047619047619
 40
0.7857142857142857
 40
0.7857142857142857
 40
0.7857142857142857
 40
0.8095238095238095
 40
0.8095238095238095
 40
0.8095238095238095
 40
0.8333333333333333
 40
0.8333333333333333
 40
0.8333333333333333
 40
0.8571428571428571
 40
0.8571428571428571
 40
0.8571428571428571
 40
0.8809523809523809
 40
0.8809523809523809
 40
0.8809523809523809
 40
0.9047619047619047
 40
0.9047619047619047
 40
0.9047619047619047
 40
0.9285714285714285
 40
0.9285714285714285
 40
0.9285714285714285
 40
0.9523809523809523
 40
0.9523809523809523
 40
0.9523809523809523
 40
0.9761904761904762
 40
0.9761904761904762
 40
0.9761904761904762
 40
1.0
 40
1.0
 40
1.0
 40
1.0
 10
59.3603
 20
-62.777
 30
0.0
 10
59.3648
 20
-62.7663
 30
0.0
 10
59.3616
 20
-62.7539
 30
0.0
 10
59.3529
 20
-62.7465
 30
0.0
 10
59.317
 20
-62.7163
 30
0.0
 10
59.2749
 20
-62.6761
 30
0.0
 10
59.2266
 20
-62.6266
 30
0.0
 10
59.1217
 20
-62.5189
 30
0.0
 10
58.9553
 20
-62.4241
 30
0.0
 10
58.8477
 20
-62.3187
 30
0.0
 10
58.7327
 20
-62.2064
 30
0.0
 10
58.6477
 20
-62.1079
 30
0.0
 10
58.5923
 20
-62.0236
 30
0.0
 10
58.4517
 20
-61.8086
 30
0.0
 10
58.3649
 20
-61.6651
 30
0.0
 10
58.3317
 20
-61.5931
 30
0.0
 10
58.2443
 20
-61.4029
 30
0.0
 10
58.19
 20
-61.2798
 30
0.0
 10
58.1687
 20
-61.2238
 30
0.0
 10
58.0808
 20
-60.9908
 30
0.0
 10
58.0194
 20
-60.7639
 30
0.0
 10
57.9846
 20
-60.5426
 30
0.0
 10
57.9732
 20
-60.471
 30
0.0
 10
57.9611
 20
-60.415
 30
0.0
 10
57.9481
 20
-60.3739
 30
0.0
 10
57.9458
 20
-60.3672
 30
0.0
 10
57.9447
 20
-60.3603
 30
0.0
 10
57.9445
 20
-60.3533
 30
0.0
 10
57.9393
 20
-60.1181
 30
0.0
 10
57.9405
 20
-59.9791
 30
0.0
 10
57.9474
 20
-59.9362
 30
0.0
 10
57.9645
 20
-59.8324
 30
0.0
 10
57.981
 20
-59.7302
 30
0.0
 10
57.9972
 20
-59.6295
 30
0.0
 10
58.0158
 20
-59.5136
 30
0.0
 10
58.0358
 20
-59.4243
 30
0.0
 10
58.0571
 20
-59.3618
 30
0.0
 10
58.1008
 20
-59.2319
 30
0.0
 10
58.153
 20
-59.046
 30
0.0
 10
58.2452
 20
-58.8958
 30
0.0
 10
58.2799
 20
-58.8391
 30
0.0
 10
58.3142
 20
-58.7716
 30
0.0
 10
58.3483
 20
-58.6933
 30
0.0
 10
58.3573
 20
-58.6729
 30
0.0
 10
58.3786
 20
-58.661
 30
0.0
 10
58.4008
 20
-58.6644
 30
0.0
 10
58.6208
 20
-58.6978
 30
0.0
 10
58.7786
 20
-58.757
 30
0.0
 10
58.9968
 20
-58.8469
 30
0.0
 10
59.0688
 20
-58.8767
 30
0.0
 10
59.1475
 20
-58.9169
 30
0.0
 10
59.2334
 20
-58.9676
 30
0.0
 10
59.4143
 20
-59.0745
 30
0.0
 10
59.5868
 20
-59.2082
 30
0.0
 10
59.7505
 20
-59.368
 30
0.0
 10
59.965
 20
-59.5777
 30
0.0
 10
60.1482
 20
-59.8548
 30
0.0
 10
60.2953
 20
-60.123
 30
0.0
 10
60.4527
 20
-60.4096
 30
0.0
 10
60.5449
 20
-60.7267
 30
0.0
 10
60.6003
 20
-61.0567
 30
0.0
 10
60.6823
 20
-61.5453
 30
0.0
 10
60.6384
 20
-62.053
 30
0.0
 10
60.4693
 20
-62.5095
 30
0.0
 10
60.3693
 20
-62.7797
 30
0.0
 10
60.2292
 20
-63.0409
 30
0.0
 10
60.0489
 20
-63.2937
 30
0.0
 10
60.0464
 20
-63.297
 30
0.0
 10
59.9895
 20
-63.3683
 30
0.0
 10
59.8783
 20
-63.5073
 30
0.0
 10
59.6791
 20
-63.756
 30
0.0
 10
59.4264
 20
-63.9612
 30
0.0
 10
59.1482
 20
-64.1114
 30
0.0
 10
58.9587
 20
-64.2139
 30
0.0
 10
58.8582
 20
-64.2677
 30
0.0
 10
58.847
 20
-64.2731
 30
0.0
 10
58.6445
 20
-64.3691
 30
0.0
 10
58.4174
 20
-64.4381
 30
0.0
 10
58.1654
 20
-64.4805
 30
0.0
 10
58.1118
 20
-64.4895
 30
0.0
 10
57.9916
 20
-64.4998
 30
0.0
 10
57.8043
 20
-64.5112
 30
0.0
 10
57.5229
 20
-64.5285
 30
0.0
 10
57.2837
 20
-64.4736
 30
0.0
 10
57.0014
 20
-64.4249
 30
0.0
 10
56.955
 20
-64.417
 30
0.0
 10
56.9148
 20
-64.4067
 30
0.0
 10
56.8812
 20
-64.3942
 30
0.0
 10
56.8303
 20
-64.3751
 30
0.0
 10
56.704
 20
-64.3274
 30
0.0
 10
56.5027
 20
-64.2507
 30
0.0
 10
56.0881
 20
-64.0926
 30
0.0
 10
55.7154
 20
-63.802
 30
0.0
 10
55.4138
 20
-63.4733
 30
0.0
 10
55.1885
 20
-63.2273
 30
0.0
 10
55.0192
 20
-62.9456
 30
0.0
 10
54.9062
 20
-62.6281
 30
0.0
 10
54.864
 20
-62.5095
 30
0.0
 10
54.8443
 20
-62.3974
 30
0.0
 10
54.8236
 20
-62.2721
 30
0.0
 10
54.8194
 20
-62.2458
 30
0.0
 10
54.8322
 20
-62.2196
 30
0.0
 10
54.8557
 20
-62.207
 30
0.0
 10
55.1452
 20
-62.0523
 30
0.0
 10
55.4638
 20
-61.9285
 30
0.0
 10
55.7766
 20
-61.8709
 30
0.0
 10
56.2545
 20
-61.7828
 30
0.0
 10
56.7285
 20
-61.8036
 30
0.0
 10
57.1991
 20
-61.9335
 30
0.0
 10
57.4828
 20
-62.0117
 30
0.0
 10
57.7474
 20
-62.1346
 30
0.0
 10
57.9929
 20
-62.3017
 30
0.0
 10
58.2181
 20
-62.4548
 30
0.0
 10
58.4329
 20
-62.653
 30
0.0
 10
58.6374
 20
-62.8963
 30
0.0
 10
58.6874
 20
-62.9557
 30
0.0
 10
58.7721
 20
-63.056
 30
0.0
 10
58.8916
 20
-63.197
 30
0.0
 10
58.908
 20
-63.2163
 30
0.0
 10
58.9376
 20
-63.2176
 30
0.0
 10
58.9555
 20
-63.1999
 30
0.0
 10
59.0663
 20
-63.091
 30
0.0
 10
59.1784
 20
-62.9822
 30
0.0
 10
59.2921
 20
-62.8737
 30
0.0
 10
59.3226
 20
-62.8443
 30
0.0
 10
59.3453
 20
-62.8122
 30
0.0
 10
59.3603
 20
-62.777
 30
0.0
  0
SPLINE
  5
67
330
1F
100
AcDbEntity
  8
Camada 1
 62
   250
100
AcDbSpline
210
0.0
220
0.0
230
1.0
 70
    11
 71
     3
 72
   146
 73
   142
 74
     0
 42
0.0000000001
 43
0.0000000001
 40
0.0
 40
0.0
 40
0.0
 40
0.0
 40
0.0212765957446809
 40
0.0212765957446809
 40
0.0212765957446809
 40
0.0425531914893617
 40
0.0425531914893617
 40
0.0425531914893617
 40
0.0638297872340425
 40
0.0638297872340425
 40
0.0638297872340425
 40
0.0851063829787234
 40
0.0851063829787234
 40
0.0851063829787234
 40
0.1063829787234043
 40
0.1063829787234043
 40
0.1063829787234043
 40
0.1276595744680851
 40
0.1276595744680851
 40
0.1276595744680851
 40
0.148936170212766
 40
0.148936170212766
 40
0.148936170212766
 40
0.1702127659574468
 40
0.1702127659574468
 40
0.1702127659574468
 40
0.1914893617021277
 40
0.1914893617021277
 40
0.1914893617021277
 40
0.2127659574468085
 40
0.2127659574468085
 40
0.2127659574468085
 40
0.2340425531914894
 40
0.2340425531914894
 40
0.2340425531914894
 40
0.2553191489361702
 40
0.2553191489361702
 40
0.2553191489361702
 40
0.2765957446808511
 40
0.2765957446808511
 40
0.2765957446808511
 40
0.2978723404255319
 40
0.2978723404255319
 40
0.2978723404255319
 40
0.3191489361702128
 40
0.3191489361702128
 40
0.3191489361702128
 40
0.3404255319148936
 40
0.3404255319148936
 40
0.3404255319148936
 40
0.3617021276595744
 40
0.3617021276595744
 40
0.3617021276595744
 40
0.3829787234042553
 40
0.3829787234042553
 40
0.3829787234042553
 40
0.4042553191489361
 40
0.4042553191489361
 40
0.4042553191489361
 40
0.425531914893617
 40
0.425531914893617
 40
0.425531914893617
 40
0.4468085106382979
 40
0.4468085106382979
 40
0.4468085106382979
 40
0.4680851063829787
 40
0.4680851063829787
 40
0.4680851063829787
 40
0.4893617021276596
 40
0.4893617021276596
 40
0.4893617021276596
 40
0.5106382978723404
 40
0.5106382978723404
 40
0.5106382978723404
 40
0.5319148936170213
 40
0.5319148936170213
 40
0.5319148936170213
 40
0.5531914893617021
 40
0.5531914893617021
 40
0.5531914893617021
 40
0.5744680851063829
 40
0.5744680851063829
 40
0.5744680851063829
 40
0.5957446808510638
 40
0.5957446808510638
 40
0.5957446808510638
 40
0.6170212765957447
 40
0.6170212765957447
 40
0.6170212765957447
 40
0.6382978723404256
 40
0.6382978723404256
 40
0.6382978723404256
 40
0.6595744680851063
 40
0.6595744680851063
 40
0.6595744680851063
 40
0.6808510638297872
 40
0.6808510638297872
 40
0.6808510638297872
 40
0.7021276595744681
 40
0.7021276595744681
 40
0.7021276595744681
 40
0.7234042553191489
 40
0.7234042553191489
 40
0.7234042553191489
 40
0.7446808510638298
 40
0.7446808510638298
 40
0.7446808510638298
 40
0.7659574468085106
 40
0.7659574468085106
 40
0.7659574468085106
 40
0.7872340425531915
 40
0.7872340425531915
 40
0.7872340425531915
 40
0.8085106382978723
 40
0.8085106382978723
 40
0.8085106382978723
 40
0.8297872340425532
 40
0.8297872340425532
 40
0.8297872340425532
 40
0.851063829787234
 40
0.851063829787234
 40
0.851063829787234
 40
0.8723404255319148
 40
0.8723404255319148
 40
0.8723404255319148
 40
0.8936170212765957
 40
0.8936170212765957
 40
0.8936170212765957
 40
0.9148936170212766
 40
0.9148936170212766
 40
0.9148936170212766
 40
0.9361702127659575
 40
0.9361702127659575
 40
0.9361702127659575
 40
0.9574468085106382
 40
0.9574468085106382
 40
0.9574468085106382
 40
0.9787234042553191
 40
0.9787234042553191
 40
0.9787234042553191
 40
1.0
 40
1.0
 40
1.0
 40
1.0
 10
58.4703
 20
-58.8384
 30
0.0
 10
58.4569
 20
-58.8333
 30
0.0
 10
58.4418
 20
-58.8398
 30
0.0
 10
58.4367
 20
-58.8532
 30
0.0
 10
58.303
 20
-59.2032
 30
0.0
 10
58.1837
 20
-59.5667
 30
0.0
 10
58.1456
 20
-59.9192
 30
0.0
 10
58.1279
 20
-60.0818
 30
0.0
 10
58.1192
 20
-60.2504
 30
0.0
 10
58.1192
 20
-60.4253
 30
0.0
 10
58.1189
 20
-60.5914
 30
0.0
 10
58.1456
 20
-60.6764
 30
0.0
 10
58.1802
 20
-60.8655
 30
0.0
 10
58.1976
 20
-60.9608
 30
0.0
 10
58.2297
 20
-61.0256
 30
0.0
 10
58.2625
 20
-61.1312
 30
0.0
 10
58.2806
 20
-61.1892
 30
0.0
 10
58.3069
 20
-61.2536
 30
0.0
 10
58.3414
 20
-61.3242
 30
0.0
 10
58.4795
 20
-61.607
 30
0.0
 10
58.6553
 20
-61.8734
 30
0.0
 10
58.8311
 20
-62.0821
 30
0.0
 10
58.9096
 20
-62.1752
 30
0.0
 10
59.017
 20
-62.2667
 30
0.0
 10
59.1535
 20
-62.357
 30
0.0
 10
59.2349
 20
-62.4109
 30
0.0
 10
59.3601
 20
-62.4786
 30
0.0
 10
59.45
 20
-62.5694
 30
0.0
 10
59.5049
 20
-62.6248
 30
0.0
 10
59.5437
 20
-62.6613
 30
0.0
 10
59.5664
 20
-62.6786
 30
0.0
 10
59.5782
 20
-62.6876
 30
0.0
 10
59.5818
 20
-62.7042
 30
0.0
 10
59.5747
 20
-62.7174
 30
0.0
 10
59.4572
 20
-62.9309
 30
0.0
 10
59.3679
 20
-63.0997
 30
0.0
 10
59.1769
 20
-63.236
 30
0.0
 10
59.071
 20
-63.3116
 30
0.0
 10
58.9704
 20
-63.3757
 30
0.0
 10
58.8748
 20
-63.4284
 30
0.0
 10
58.8585
 20
-63.4374
 30
0.0
 10
58.8381
 20
-63.4333
 30
0.0
 10
58.8266
 20
-63.4188
 30
0.0
 10
58.7874
 20
-63.3688
 30
0.0
 10
58.6692
 20
-63.2174
 30
0.0
 10
58.4719
 20
-62.9645
 30
0.0
 10
58.3169
 20
-62.7658
 30
0.0
 10
58.1645
 20
-62.6037
 30
0.0
 10
57.9889
 20
-62.4909
 30
0.0
 10
57.8613
 20
-62.4088
 30
0.0
 10
57.7765
 20
-62.3553
 30
0.0
 10
57.7351
 20
-62.3299
 30
0.0
 10
57.4487
 20
-62.1559
 30
0.0
 10
57.1222
 20
-62.0842
 30
0.0
 10
56.7845
 20
-62.0216
 30
0.0
 10
56.6244
 20
-61.9918
 30
0.0
 10
56.487
 20
-61.9788
 30
0.0
 10
56.372
 20
-61.9821
 30
0.0
 10
56.1693
 20
-61.9882
 30
0.0
 10
55.9881
 20
-62.0068
 30
0.0
 10
55.8282
 20
-62.038
 30
0.0
 10
55.7762
 20
-62.0481
 30
0.0
 10
55.6625
 20
-62.0756
 30
0.0
 10
55.4874
 20
-62.1203
 30
0.0
 10
55.3181
 20
-62.1635
 30
0.0
 10
55.1656
 20
-62.2319
 30
0.0
 10
54.9947
 20
-62.2866
 30
0.0
 10
54.981
 20
-62.2909
 30
0.0
 10
54.9734
 20
-62.3057
 30
0.0
 10
54.9777
 20
-62.3194
 30
0.0
 10
55.0174
 20
-62.4501
 30
0.0
 10
55.0405
 20
-62.5712
 30
0.0
 10
55.0936
 20
-62.7082
 30
0.0
 10
55.1378
 20
-62.8216
 30
0.0
 10
55.2102
 20
-62.9613
 30
0.0
 10
55.3113
 20
-63.1275
 30
0.0
 10
55.3791
 20
-63.2389
 30
0.0
 10
55.4685
 20
-63.3531
 30
0.0
 10
55.5797
 20
-63.4697
 30
0.0
 10
55.6946
 20
-63.5901
 30
0.0
 10
55.8008
 20
-63.6858
 30
0.0
 10
55.8984
 20
-63.7569
 30
0.0
 10
55.9751
 20
-63.8127
 30
0.0
 10
56.0811
 20
-63.8805
 30
0.0
 10
56.2163
 20
-63.9601
 30
0.0
 10
56.4042
 20
-64.0708
 30
0.0
 10
56.6143
 20
-64.1603
 30
0.0
 10
56.8155
 20
-64.2027
 30
0.0
 10
56.9406
 20
-64.2289
 30
0.0
 10
57.0236
 20
-64.2466
 30
0.0
 10
57.0642
 20
-64.2556
 30
0.0
 10
57.159
 20
-64.2765
 30
0.0
 10
57.2417
 20
-64.2886
 30
0.0
 10
57.3126
 20
-64.2915
 30
0.0
 10
57.5602
 20
-64.3016
 30
0.0
 10
57.7786
 20
-64.3027
 30
0.0
 10
57.968
 20
-64.2944
 30
0.0
 10
58.0671
 20
-64.2901
 30
0.0
 10
58.1685
 20
-64.2762
 30
0.0
 10
58.2719
 20
-64.2529
 30
0.0
 10
58.5358
 20
-64.1937
 30
0.0
 10
58.7869
 20
-64.1289
 30
0.0
 10
58.9766
 20
-64.032
 30
0.0
 10
59.2894
 20
-63.8722
 30
0.0
 10
59.5726
 20
-63.65
 30
0.0
 10
59.8265
 20
-63.3659
 30
0.0
 10
59.8982
 20
-63.2858
 30
0.0
 10
59.961
 20
-63.2022
 30
0.0
 10
60.0148
 20
-63.1152
 30
0.0
 10
60.1177
 20
-62.9495
 30
0.0
 10
60.1722
 20
-62.86
 30
0.0
 10
60.1787
 20
-62.847
 30
0.0
 10
60.2003
 20
-62.803
 30
0.0
 10
60.242
 20
-62.7012
 30
0.0
 10
60.3036
 20
-62.5418
 30
0.0
 10
60.346
 20
-62.4322
 30
0.0
 10
60.3763
 20
-62.327
 30
0.0
 10
60.3942
 20
-62.2261
 30
0.0
 10
60.4326
 20
-62.0111
 30
0.0
 10
60.4523
 20
-61.8962
 30
0.0
 10
60.4534
 20
-61.8821
 30
0.0
 10
60.4673
 20
-61.7231
 30
0.0
 10
60.4713
 20
-61.5433
 30
0.0
 10
60.4653
 20
-61.3426
 30
0.0
 10
60.4606
 20
-61.1836
 30
0.0
 10
60.4379
 20
-61.026
 30
0.0
 10
60.3976
 20
-60.8695
 30
0.0
 10
60.3516
 20
-60.6903
 30
0.0
 10
60.3029
 20
-60.5381
 30
0.0
 10
60.2516
 20
-60.4125
 30
0.0
 10
60.0998
 20
-60.0407
 30
0.0
 10
59.8715
 20
-59.7111
 30
0.0
 10
59.5668
 20
-59.4237
 30
0.0
 10
59.4634
 20
-59.3261
 30
0.0
 10
59.3437
 20
-59.2378
 30
0.0
 10
59.2076
 20
-59.1586
 30
0.0
 10
59.063
 20
-59.0743
 30
0.0
 10
58.9304
 20
-59.005
 30
0.0
 10
58.81
 20
-58.9507
 30
0.0
 10
58.6977
 20
-58.9001
 30
0.0
 10
58.5719
 20
-58.8783
 30
0.0
 10
58.4703
 20
-58.8384
 30
0.0
  0
SPLINE
  5
68
330
1F
100
AcDbEntity
  8
Camada 1
 62
   250
100
AcDbSpline
210
0.0
220
0.0
230
1.0
 70
    11
 71
     3
 72
    47
 73
    43
 74
     0
 42
0.0000000001
 43
0.0000000001
 40
0.0
 40
0.0
 40
0.0
 40
0.0
 40
0.0714285714285714
 40
0.0714285714285714
 40
0.0714285714285714
 40
0.1428571428571428
 40
0.1428571428571428
 40
0.1428571428571428
 40
0.2142857142857143
 40
0.2142857142857143
 40
0.2142857142857143
 40
0.2857142857142857
 40
0.2857142857142857
 40
0.2857142857142857
 40
0.3571428571428571
 40
0.3571428571428571
 40
0.3571428571428571
 40
0.4285714285714285
 40
0.4285714285714285
 40
0.4285714285714285
 40
0.5
 40
0.5
 40
0.5
 40
0.5714285714285714
 40
0.5714285714285714
 40
0.5714285714285714
 40
0.6428571428571428
 40
0.6428571428571428
 40
0.6428571428571428
 40
0.7142857142857142
 40
0.7142857142857142
 40
0.7142857142857142
 40
0.7857142857142857
 40
0.7857142857142857
 40
0.7857142857142857
 40
0.8571428571428571
 40
0.8571428571428571
 40
0.8571428571428571
 40
0.9285714285714285
 40
0.9285714285714285
 40
0.9285714285714285
 40
1.0
 40
1.0
 40
1.0
 40
1.0
 10
61.9454
 20
-61.4366
 30
0.0
 10
61.9463
 20
-61.4341
 30
0.0
 10
61.9497
 20
-61.3958
 30
0.0
 10
61.9555
 20
-61.3218
 30
0.0
 10
61.9712
 20
-61.1278
 30
0.0
 10
62.0165
 20
-60.928
 30
0.0
 10
62.0916
 20
-60.7228
 30
0.0
 10
62.1934
 20
-60.4448
 30
0.0
 10
62.3381
 20
-60.2031
 30
0.0
 10
62.5258
 20
-59.9977
 30
0.0
 10
62.5825
 20
-59.9356
 30
0.0
 10
62.6426
 20
-59.8791
 30
0.0
 10
62.7056
 20
-59.8282
 30
0.0
 10
62.826
 20
-59.7309
 30
0.0
 10
62.9309
 20
-59.6385
 30
0.0
 10
63.0709
 20
-59.59
 30
0.0
 10
63.085
 20
-59.5851
 30
0.0
 10
63.1005
 20
-59.5934
 30
0.0
 10
63.1043
 20
-59.6077
 30
0.0
 10
63.1971
 20
-59.949
 30
0.0
 10
63.207
 20
-60.2912
 30
0.0
 10
63.1339
 20
-60.6345
 30
0.0
 10
63.0449
 20
-61.0513
 30
0.0
 10
62.8509
 20
-61.4796
 30
0.0
 10
62.5464
 20
-61.7763
 30
0.0
 10
62.3964
 20
-61.9227
 30
0.0
 10
62.2295
 20
-62.0393
 30
0.0
 10
62.0461
 20
-62.1259
 30
0.0
 10
62.023
 20
-62.1368
 30
0.0
 10
61.9963
 20
-62.1216
 30
0.0
 10
61.9939
 20
-62.0963
 30
0.0
 10
61.9939
 20
-62.0963
 30
0.0
 10
61.9428
 20
-61.5507
 30
0.0
 10
61.9428
 20
-61.5507
 30
0.0
 10
61.9423
 20
-61.546
 30
0.0
 10
61.9425
 20
-61.5415
 30
0.0
 10
61.9437
 20
-61.5368
 30
0.0
 10
61.9488
 20
-61.5108
 30
0.0
 10
61.949
 20
-61.483
 30
0.0
 10
61.9443
 20
-61.4534
 30
0.0
 10
61.9434
 20
-61.4478
 30
0.0
 10
61.9439
 20
-61.442
 30
0.0
 10
61.9454
 20
-61.4366
 30
0.0
  0
SPLINE
  5
69
330
1F
100
AcDbEntity
  8
Camada 1
 62
   250
100
AcDbSpline
210
0.0
220
0.0
230
1.0
 70
    11
 71
     3
 72
    38
 73
    34
 74
     0
 42
0.0000000001
 43
0.0000000001
 40
0.0
 40
0.0
 40
0.0
 40
0.0
 40
0.0909090909090909
 40
0.0909090909090909
 40
0.0909090909090909
 40
0.1818181818181818
 40
0.1818181818181818
 40
0.1818181818181818
 40
0.2727272727272727
 40
0.2727272727272727
 40
0.2727272727272727
 40
0.3636363636363636
 40
0.3636363636363636
 40
0.3636363636363636
 40
0.4545454545454546
 40
0.4545454545454546
 40
0.4545454545454546
 40
0.5454545454545454
 40
0.5454545454545454
 40
0.5454545454545454
 40
0.6363636363636364
 40
0.6363636363636364
 40
0.6363636363636364
 40
0.7272727272727273
 40
0.7272727272727273
 40
0.7272727272727273
 40
0.8181818181818182
 40
0.8181818181818182
 40
0.8181818181818182
 40
0.9090909090909092
 40
0.9090909090909092
 40
0.9090909090909092
 40
1.0
 40
1.0
 40
1.0
 40
1.0
 10
62.1293
 20
-61.8382
 30
0.0
 10
62.1345
 20
-61.8536
 30
0.0
 10
62.1529
 20
-61.8604
 30
0.0
 10
62.167
 20
-61.8516
 30
0.0
 10
62.4352
 20
-61.6882
 30
0.0
 10
62.6368
 20
-61.4659
 30
0.0
 10
62.7717
 20
-61.185
 30
0.0
 10
62.9484
 20
-60.8179
 30
0.0
 10
63.0126
 20
-60.3881
 30
0.0
 10
63.0094
 20
-59.9818
 30
0.0
 10
63.0094
 20
-59.9764
 30
0.0
 10
63.0101
 20
-59.971
 30
0.0
 10
63.011
 20
-59.9658
 30
0.0
 10
63.0179
 20
-59.9291
 30
0.0
 10
63.0191
 20
-59.895
 30
0.0
 10
63.015
 20
-59.8631
 30
0.0
 10
63.013
 20
-59.8483
 30
0.0
 10
62.9969
 20
-59.8403
 30
0.0
 10
62.9836
 20
-59.8474
 30
0.0
 10
62.883
 20
-59.9028
 30
0.0
 10
62.8132
 20
-59.9398
 30
0.0
 10
62.7314
 20
-60.021
 30
0.0
 10
62.6098
 20
-60.1414
 30
0.0
 10
62.5262
 20
-60.2354
 30
0.0
 10
62.4805
 20
-60.3029
 30
0.0
 10
62.3971
 20
-60.4253
 30
0.0
 10
62.3145
 20
-60.574
 30
0.0
 10
62.258
 20
-60.7352
 30
0.0
 10
62.1497
 20
-61.0448
 30
0.0
 10
62.1026
 20
-61.3671
 30
0.0
 10
62.1168
 20
-61.7021
 30
0.0
 10
62.1183
 20
-61.7393
 30
0.0
 10
62.1147
 20
-61.7947
 30
0.0
 10
62.1293
 20
-61.8382
 30
0.0
  0
SPLINE
  5
6A
330
1F
100
AcDbEntity
  8
Camada 1
 62
   250
100
AcDbSpline
210
0.0
220
0.0
230
1.0
 70
    11
 71
     3
 72
    53
 73
    49
 74
     0
 42
0.0000000001
 43
0.0000000001
 40
0.0
 40
0.0
 40
0.0
 40
0.0
 40
0.0625
 40
0.0625
 40
0.0625
 40
0.125
 40
0.125
 40
0.125
 40
0.1875
 40
0.1875
 40
0.1875
 40
0.25
 40
0.25
 40
0.25
 40
0.3125
 40
0.3125
 40
0.3125
 40
0.375
 40
0.375
 40
0.375
 40
0.4375
 40
0.4375
 40
0.4375
 40
0.5
 40
0.5
 40
0.5
 40
0.5625
 40
0.5625
 40
0.5625
 40
0.625
 40
0.625
 40
0.625
 40
0.6875
 40
0.6875
 40
0.6875
 40
0.75
 40
0.75
 40
0.75
 40
0.8125
 40
0.8125
 40
0.8125
 40
0.875
 40
0.875
 40
0.875
 40
0.9375
 40
0.9375
 40
0.9375
 40
1.0
 40
1.0
 40
1.0
 40
1.0
 10
58.7961
 20
-59.6943
 30
0.0
 10
58.8165
 20
-59.699
 30
0.0
 10
58.8324
 20
-59.7053
 30
0.0
 10
58.8434
 20
-59.7136
 30
0.0
 10
58.9461
 20
-59.7912
 30
0.0
 10
59.0529
 20
-59.8499
 30
0.0
 10
59.1461
 20
-59.9349
 30
0.0
 10
59.306
 20
-60.0804
 30
0.0
 10
59.4255
 20
-60.2194
 30
0.0
 10
59.5051
 20
-60.3522
 30
0.0
 10
59.6475
 20
-60.5901
 30
0.0
 10
59.7442
 20
-60.8464
 30
0.0
 10
59.7951
 20
-61.1206
 30
0.0
 10
59.8159
 20
-61.233
 30
0.0
 10
59.8325
 20
-61.3841
 30
0.0
 10
59.8453
 20
-61.5738
 30
0.0
 10
59.8493
 20
-61.6343
 30
0.0
 10
59.8478
 20
-61.6891
 30
0.0
 10
59.8408
 20
-61.7382
 30
0.0
 10
59.8287
 20
-61.8229
 30
0.0
 10
59.8303
 20
-61.8559
 30
0.0
 10
59.8292
 20
-61.9391
 30
0.0
 10
59.8289
 20
-61.9566
 30
0.0
 10
59.8126
 20
-61.9693
 30
0.0
 10
59.7953
 20
-61.9655
 30
0.0
 10
59.5984
 20
-61.9207
 30
0.0
 10
59.4323
 20
-61.8263
 30
0.0
 10
59.2968
 20
-61.6821
 30
0.0
 10
59.2778
 20
-61.6619
 30
0.0
 10
59.2208
 20
-61.5799
 30
0.0
 10
59.1257
 20
-61.4361
 30
0.0
 10
59.0751
 20
-61.3594
 30
0.0
 10
59.0282
 20
-61.2715
 30
0.0
 10
58.9849
 20
-61.1722
 30
0.0
 10
58.9053
 20
-60.9897
 30
0.0
 10
58.8623
 20
-60.8841
 30
0.0
 10
58.8553
 20
-60.8554
 30
0.0
 10
58.8067
 20
-60.6513
 30
0.0
 10
58.7784
 20
-60.5112
 30
0.0
 10
58.7708
 20
-60.4349
 30
0.0
 10
58.767
 20
-60.3946
 30
0.0
 10
58.7636
 20
-60.3047
 30
0.0
 10
58.7609
 20
-60.165
 30
0.0
 10
58.7578
 20
-60.01
 30
0.0
 10
58.7728
 20
-59.8652
 30
0.0
 10
58.7627
 20
-59.7232
 30
0.0
 10
58.7614
 20
-59.7048
 30
0.0
 10
58.7782
 20
-59.6903
 30
0.0
 10
58.7961
 20
-59.6943
 30
0.0
  0
SPLINE
  5
6B
330
1F
100
AcDbEntity
  8
Camada 1
 62
   250
100
AcDbSpline
210
0.0
220
0.0
230
1.0
 70
    11
 71
     3
 72
    44
 73
    40
 74
     0
 42
0.0000000001
 43
0.0000000001
 40
0.0
 40
0.0
 40
0.0
 40
0.0
 40
0.0769230769230769
 40
0.0769230769230769
 40
0.0769230769230769
 40
0.1538461538461539
 40
0.1538461538461539
 40
0.1538461538461539
 40
0.2307692307692308
 40
0.2307692307692308
 40
0.2307692307692308
 40
0.3076923076923077
 40
0.3076923076923077
 40
0.3076923076923077
 40
0.3846153846153846
 40
0.3846153846153846
 40
0.3846153846153846
 40
0.4615384615384616
 40
0.4615384615384616
 40
0.4615384615384616
 40
0.5384615384615385
 40
0.5384615384615385
 40
0.5384615384615385
 40
0.6153846153846154
 40
0.6153846153846154
 40
0.6153846153846154
 40
0.6923076923076923
 40
0.6923076923076923
 40
0.6923076923076923
 40
0.7692307692307693
 40
0.7692307692307693
 40
0.7692307692307693
 40
0.8461538461538463
 40
0.8461538461538463
 40
0.8461538461538463
 40
0.9230769230769231
 40
0.9230769230769231
 40
0.9230769230769231
 40
1.0
 40
1.0
 40
1.0
 40
1.0
 10
58.9446
 20
-59.9708
 30
0.0
 10
58.9331
 20
-59.9645
 30
0.0
 10
58.9192
 20
-59.9732
 30
0.0
 10
58.9199
 20
-59.9862
 30
0.0
 10
58.9242
 20
-60.0798
 30
0.0
 10
58.9255
 20
-60.1753
 30
0.0
 10
58.9235
 20
-60.2728
 30
0.0
 10
58.921
 20
-60.4042
 30
0.0
 10
58.9573
 20
-60.5659
 30
0.0
 10
58.9876
 20
-60.7139
 30
0.0
 10
58.9979
 20
-60.7648
 30
0.0
 10
59.0125
 20
-60.8152
 30
0.0
 10
59.0311
 20
-60.8655
 30
0.0
 10
59.104
 20
-61.0617
 30
0.0
 10
59.1955
 20
-61.2442
 30
0.0
 10
59.3051
 20
-61.413
 30
0.0
 10
59.3715
 20
-61.5151
 30
0.0
 10
59.4437
 20
-61.5877
 30
0.0
 10
59.528
 20
-61.6666
 30
0.0
 10
59.5569
 20
-61.6938
 30
0.0
 10
59.5944
 20
-61.7157
 30
0.0
 10
59.6406
 20
-61.733
 30
0.0
 10
59.6578
 20
-61.7393
 30
0.0
 10
59.6762
 20
-61.7267
 30
0.0
 10
59.6762
 20
-61.7083
 30
0.0
 10
59.6771
 20
-61.5462
 30
0.0
 10
59.6686
 20
-61.3902
 30
0.0
 10
59.6507
 20
-61.2404
 30
0.0
 10
59.6372
 20
-61.1276
 30
0.0
 10
59.6027
 20
-60.9919
 30
0.0
 10
59.5708
 20
-60.885
 30
0.0
 10
59.5175
 20
-60.7069
 30
0.0
 10
59.4363
 20
-60.5358
 30
0.0
 10
59.3275
 20
-60.3715
 30
0.0
 10
59.2394
 20
-60.2383
 30
0.0
 10
59.1199
 20
-60.1181
 30
0.0
 10
59.0121
 20
-60.0221
 30
0.0
 10
58.9838
 20
-59.997
 30
0.0
 10
58.9614
 20
-59.98
 30
0.0
 10
58.9446
 20
-59.9708
 30
0.0
  0
SPLINE
  5
6C
330
1F
100
AcDbEntity
  8
Camada 1
 62
   250
100
AcDbSpline
210
0.0
220
0.0
230
1.0
 70
    11
 71
     3
 72
    53
 73
    49
 74
     0
 42
0.0000000001
 43
0.0000000001
 40
0.0
 40
0.0
 40
0.0
 40
0.0
 40
0.0625
 40
0.0625
 40
0.0625
 40
0.125
 40
0.125
 40
0.125
 40
0.1875
 40
0.1875
 40
0.1875
 40
0.25
 40
0.25
 40
0.25
 40
0.3125
 40
0.3125
 40
0.3125
 40
0.375
 40
0.375
 40
0.375
 40
0.4375
 40
0.4375
 40
0.4375
 40
0.5
 40
0.5
 40
0.5
 40
0.5625
 40
0.5625
 40
0.5625
 40
0.625
 40
0.625
 40
0.625
 40
0.6875
 40
0.6875
 40
0.6875
 40
0.75
 40
0.75
 40
0.75
 40
0.8125
 40
0.8125
 40
0.8125
 40
0.875
 40
0.875
 40
0.875
 40
0.9375
 40
0.9375
 40
0.9375
 40
1.0
 40
1.0
 40
1.0
 40
1.0
 10
58.2835
 20
-63.6968
 30
0.0
 10
58.2416
 20
-63.7188
 30
0.0
 10
58.1633
 20
-63.7172
 30
0.0
 10
58.1194
 20
-63.7273
 30
0.0
 10
58.0627
 20
-63.7403
 30
0.0
 10
57.9891
 20
-63.7614
 30
0.0
 10
57.9378
 20
-63.7648
 30
0.0
 10
57.7259
 20
-63.778
 30
0.0
 10
57.5445
 20
-63.7787
 30
0.0
 10
57.394
 20
-63.7672
 30
0.0
 10
57.2823
 20
-63.7587
 30
0.0
 10
57.1541
 20
-63.7343
 30
0.0
 10
57.0094
 20
-63.6941
 30
0.0
 10
56.6872
 20
-63.6047
 30
0.0
 10
56.4072
 20
-63.4403
 30
0.0
 10
56.1688
 20
-63.201
 30
0.0
 10
56.1574
 20
-63.1896
 30
0.0
 10
56.0715
 20
-63.1037
 30
0.0
 10
55.9116
 20
-62.9439
 30
0.0
 10
55.8499
 20
-62.8824
 30
0.0
 10
55.7329
 20
-62.751
 30
0.0
 10
55.7349
 20
-62.6557
 30
0.0
 10
55.7351
 20
-62.6476
 30
0.0
 10
55.7385
 20
-62.6398
 30
0.0
 10
55.7441
 20
-62.634
 30
0.0
 10
55.8549
 20
-62.5201
 30
0.0
 10
56.0062
 20
-62.5252
 30
0.0
 10
56.1693
 20
-62.5035
 30
0.0
 10
56.1926
 20
-62.5003
 30
0.0
 10
56.2163
 20
-62.5001
 30
0.0
 10
56.2397
 20
-62.503
 30
0.0
 10
56.3302
 20
-62.514
 30
0.0
 10
56.4424
 20
-62.5048
 30
0.0
 10
56.5412
 20
-62.523
 30
0.0
 10
56.5859
 20
-62.5313
 30
0.0
 10
56.6202
 20
-62.5378
 30
0.0
 10
56.6442
 20
-62.5427
 30
0.0
 10
56.9888
 20
-62.6136
 30
0.0
 10
57.2969
 20
-62.7326
 30
0.0
 10
57.5682
 20
-62.9001
 30
0.0
 10
57.8162
 20
-63.0533
 30
0.0
 10
58.0479
 20
-63.2661
 30
0.0
 10
58.1873
 20
-63.5188
 30
0.0
 10
58.2293
 20
-63.5946
 30
0.0
 10
58.2627
 20
-63.6464
 30
0.0
 10
58.2876
 20
-63.6739
 30
0.0
 10
58.2941
 20
-63.6811
 30
0.0
 10
58.292
 20
-63.6923
 30
0.0
 10
58.2835
 20
-63.6968
 30
0.0
  0
SPLINE
  5
6D
330
1F
100
AcDbEntity
  8
Camada 1
 62
   250
100
AcDbSpline
210
0.0
220
0.0
230
1.0
 70
    11
 71
     3
 72
    32
 73
    28
 74
     0
 42
0.0000000001
 43
0.0000000001
 40
0.0
 40
0.0
 40
0.0
 40
0.0
 40
0.1111111111111111
 40
0.1111111111111111
 40
0.1111111111111111
 40
0.2222222222222222
 40
0.2222222222222222
 40
0.2222222222222222
 40
0.3333333333333333
 40
0.3333333333333333
 40
0.3333333333333333
 40
0.4444444444444444
 40
0.4444444444444444
 40
0.4444444444444444
 40
0.5555555555555556
 40
0.5555555555555556
 40
0.5555555555555556
 40
0.6666666666666666
 40
0.6666666666666666
 40
0.6666666666666666
 40
0.7777777777777777
 40
0.7777777777777777
 40
0.7777777777777777
 40
0.8888888888888888
 40
0.8888888888888888
 40
0.8888888888888888
 40
1.0
 40
1.0
 40
1.0
 40
1.0
 10
57.9871
 20
-63.5625
 30
0.0
 10
57.9333
 20
-63.3842
 30
0.0
 10
57.7965
 20
-63.2383
 30
0.0
 10
57.6507
 20
-63.1273
 30
0.0
 10
57.5095
 20
-63.0196
 30
0.0
 10
57.3353
 20
-62.9324
 30
0.0
 10
57.1283
 20
-62.8656
 30
0.0
 10
56.7572
 20
-62.7461
 30
0.0
 10
56.3814
 20
-62.6943
 30
0.0
 10
56.0006
 20
-62.7107
 30
0.0
 10
55.9843
 20
-62.7113
 30
0.0
 10
55.9753
 20
-62.7302
 30
0.0
 10
55.9854
 20
-62.7434
 30
0.0
 10
56.1847
 20
-63.0031
 30
0.0
 10
56.4011
 20
-63.2457
 30
0.0
 10
56.6933
 20
-63.3872
 30
0.0
 10
56.8653
 20
-63.4703
 30
0.0
 10
57.0142
 20
-63.5257
 30
0.0
 10
57.1399
 20
-63.5533
 30
0.0
 10
57.2729
 20
-63.5827
 30
0.0
 10
57.3929
 20
-63.5975
 30
0.0
 10
57.5001
 20
-63.5982
 30
0.0
 10
57.6469
 20
-63.5991
 30
0.0
 10
57.7978
 20
-63.6017
 30
0.0
 10
57.9532
 20
-63.6065
 30
0.0
 10
57.9766
 20
-63.6071
 30
0.0
 10
57.9938
 20
-63.5847
 30
0.0
 10
57.9871
 20
-63.5625
 30
0.0
  0
SPLINE
  5
6E
330
1F
100
AcDbEntity
  8
Camada 1
 62
   250
100
AcDbSpline
210
0.0
220
0.0
230
1.0
 70
    11
 71
     3
 72
    32
 73
    28
 74
     0
 42
0.0000000001
 43
0.0000000001
 40
0.0
 40
0.0
 40
0.0
 40
0.0
 40
0.1111111111111111
 40
0.1111111111111111
 40
0.1111111111111111
 40
0.2222222222222222
 40
0.2222222222222222
 40
0.2222222222222222
 40
0.3333333333333333
 40
0.3333333333333333
 40
0.3333333333333333
 40
0.4444444444444444
 40
0.4444444444444444
 40
0.4444444444444444
 40
0.5555555555555556
 40
0.5555555555555556
 40
0.5555555555555556
 40
0.6666666666666666
 40
0.6666666666666666
 40
0.6666666666666666
 40
0.7777777777777777
 40
0.7777777777777777
 40
0.7777777777777777
 40
0.8888888888888888
 40
0.8888888888888888
 40
0.8888888888888888
 40
1.0
 40
1.0
 40
1.0
 40
1.0
 10
63.6178
 20
-63.7166
 30
0.0
 10
63.5938
 20
-63.7118
 30
0.0
 10
63.5774
 20
-63.6905
 30
0.0
 10
63.5904
 20
-63.6672
 30
0.0
 10
63.6527
 20
-63.5553
 30
0.0
 10
63.716
 20
-63.4255
 30
0.0
 10
63.805
 20
-63.3188
 30
0.0
 10
63.9389
 20
-63.158
 30
0.0
 10
64.079
 20
-63.0288
 30
0.0
 10
64.2259
 20
-62.9309
 30
0.0
 10
64.7804
 20
-62.5606
 30
0.0
 10
65.4903
 20
-62.4577
 30
0.0
 10
66.1334
 20
-62.5934
 30
0.0
 10
66.1614
 20
-62.5994
 30
0.0
 10
66.1711
 20
-62.6212
 30
0.0
 10
66.1621
 20
-62.6586
 30
0.0
 10
66.1565
 20
-62.6822
 30
0.0
 10
66.1332
 20
-62.7203
 30
0.0
 10
66.0922
 20
-62.7728
 30
0.0
 10
65.8623
 20
-63.067
 30
0.0
 10
65.6163
 20
-63.3042
 30
0.0
 10
65.319
 20
-63.4916
 30
0.0
 10
65.0701
 20
-63.6488
 30
0.0
 10
64.727
 20
-63.7515
 30
0.0
 10
64.4627
 20
-63.767
 30
0.0
 10
64.1656
 20
-63.7843
 30
0.0
 10
63.8839
 20
-63.7675
 30
0.0
 10
63.6178
 20
-63.7166
 30
0.0
  0
SPLINE
  5
6F
330
1F
100
AcDbEntity
  8
Camada 1
 62
   250
100
AcDbSpline
210
0.0
220
0.0
230
1.0
 70
    11
 71
     3
 72
    38
 73
    34
 74
     0
 42
0.0000000001
 43
0.0000000001
 40
0.0
 40
0.0
 40
0.0
 40
0.0
 40
0.0909090909090909
 40
0.0909090909090909
 40
0.0909090909090909
 40
0.1818181818181818
 40
0.1818181818181818
 40
0.1818181818181818
 40
0.2727272727272727
 40
0.2727272727272727
 40
0.2727272727272727
 40
0.3636363636363636
 40
0.3636363636363636
 40
0.3636363636363636
 40
0.4545454545454546
 40
0.4545454545454546
 40
0.4545454545454546
 40
0.5454545454545454
 40
0.5454545454545454
 40
0.5454545454545454
 40
0.6363636363636364
 40
0.6363636363636364
 40
0.6363636363636364
 40
0.7272727272727273
 40
0.7272727272727273
 40
0.7272727272727273
 40
0.8181818181818182
 40
0.8181818181818182
 40
0.8181818181818182
 40
0.9090909090909092
 40
0.9090909090909092
 40
0.9090909090909092
 40
1.0
 40
1.0
 40
1.0
 40
1.0
 10
65.8594
 20
-62.7281
 30
0.0
 10
65.8594
 20
-62.7281
 30
0.0
 10
65.8549
 20
-62.7241
 30
0.0
 10
65.8549
 20
-62.7241
 30
0.0
 10
65.8545
 20
-62.7237
 30
0.0
 10
65.854
 20
-62.7234
 30
0.0
 10
65.8536
 20
-62.7234
 30
0.0
 10
65.7128
 20
-62.7039
 30
0.0
 10
65.613
 20
-62.6932
 30
0.0
 10
65.554
 20
-62.6907
 30
0.0
 10
65.469
 20
-62.6871
 30
0.0
 10
65.3905
 20
-62.701
 30
0.0
 10
65.3116
 20
-62.7066
 30
0.0
 10
64.9768
 20
-62.7299
 30
0.0
 10
64.6546
 20
-62.8472
 30
0.0
 10
64.3719
 20
-63.0324
 30
0.0
 10
64.2268
 20
-63.1273
 30
0.0
 10
64.101
 20
-63.2273
 30
0.0
 10
63.9945
 20
-63.3324
 30
0.0
 10
63.9292
 20
-63.3968
 30
0.0
 10
63.8895
 20
-63.4742
 30
0.0
 10
63.8752
 20
-63.5645
 30
0.0
 10
63.8723
 20
-63.5827
 30
0.0
 10
63.8857
 20
-63.5993
 30
0.0
 10
63.9041
 20
-63.6004
 30
0.0
 10
64.216
 20
-63.6199
 30
0.0
 10
64.5203
 20
-63.5876
 30
0.0
 10
64.8167
 20
-63.5038
 30
0.0
 10
65.2612
 20
-63.3777
 30
0.0
 10
65.6177
 20
-63.1311
 30
0.0
 10
65.8623
 20
-62.7524
 30
0.0
 10
65.8673
 20
-62.7447
 30
0.0
 10
65.8661
 20
-62.7344
 30
0.0
 10
65.8594
 20
-62.7281
 30
0.0
  0
SPLINE
  5
70
330
1F
100
AcDbEntity
  8
Camada 1
 62
   250
100
AcDbSpline
210
0.0
220
0.0
230
1.0
 70
    11
 71
     3
 72
    29
 73
    25
 74
     0
 42
0.0000000001
 43
0.0000000001
 40
0.0
 40
0.0
 40
0.0
 40
0.0
 40
0.125
 40
0.125
 40
0.125
 40
0.25
 40
0.25
 40
0.25
 40
0.375
 40
0.375
 40
0.375
 40
0.5
 40
0.5
 40
0.5
 40
0.625
 40
0.625
 40
0.625
 40
0.75
 40
0.75
 40
0.75
 40
0.875
 40
0.875
 40
0.875
 40
1.0
 40
1.0
 40
1.0
 40
1.0
 10
60.2991
 20
-64.2179
 30
0.0
 10
60.2991
 20
-64.1917
 30
0.0
 10
60.3204
 20
-64.1704
 30
0.0
 10
60.3467
 20
-64.1704
 30
0.0
 10
60.3467
 20
-64.1704
 30
0.0
 10
60.9095
 20
-64.1693
 30
0.0
 10
60.9095
 20
-64.1693
 30
0.0
 10
61.3147
 20
-64.1686
 30
0.0
 10
61.6439
 20
-64.4969
 30
0.0
 10
61.6445
 20
-64.9023
 30
0.0
 10
61.6445
 20
-64.9023
 30
0.0
 10
61.6445
 20
-64.9556
 30
0.0
 10
61.6445
 20
-64.9556
 30
0.0
 10
61.6452
 20
-65.3611
 30
0.0
 10
61.3174
 20
-65.6902
 30
0.0
 10
60.9122
 20
-65.6909
 30
0.0
 10
60.9122
 20
-65.6909
 30
0.0
 10
60.3494
 20
-65.692
 30
0.0
 10
60.3494
 20
-65.692
 30
0.0
 10
60.3231
 20
-65.692
 30
0.0
 10
60.3018
 20
-65.6707
 30
0.0
 10
60.3018
 20
-65.6445
 30
0.0
 10
60.3018
 20
-65.6445
 30
0.0
 10
60.2991
 20
-64.2179
 30
0.0
 10
60.2991
 20
-64.2179
 30
0.0
  0
SPLINE
  5
71
330
1F
100
AcDbEntity
  8
Camada 1
 62
   250
100
AcDbSpline
210
0.0
220
0.0
230
1.0
 70
    11
 71
     3
 72
    29
 73
    25
 74
     0
 42
0.0000000001
 43
0.0000000001
 40
0.0
 40
0.0
 40
0.0
 40
0.0
 40
0.125
 40
0.125
 40
0.125
 40
0.25
 40
0.25
 40
0.25
 40
0.375
 40
0.375
 40
0.375
 40
0.5
 40
0.5
 40
0.5
 40
0.625
 40
0.625
 40
0.625
 40
0.75
 40
0.75
 40
0.75
 40
0.875
 40
0.875
 40
0.875
 40
1.0
 40
1.0
 40
1.0
 40
1.0
 10
60.5305
 20
-64.3922
 30
0.0
 10
60.5305
 20
-64.3922
 30
0.0
 10
60.527
 20
-65.468
 30
0.0
 10
60.527
 20
-65.468
 30
0.0
 10
60.5267
 20
-65.4907
 30
0.0
 10
60.5449
 20
-65.5088
 30
0.0
 10
60.5675
 20
-65.5091
 30
0.0
 10
60.5675
 20
-65.5091
 30
0.0
 10
60.9149
 20
-65.5102
 30
0.0
 10
60.9149
 20
-65.5102
 30
0.0
 10
61.1862
 20
-65.5111
 30
0.0
 10
61.4071
 20
-65.2788
 30
0.0
 10
61.408
 20
-64.9913
 30
0.0
 10
61.408
 20
-64.9913
 30
0.0
 10
61.4084
 20
-64.8751
 30
0.0
 10
61.4084
 20
-64.8751
 30
0.0
 10
61.4093
 20
-64.5875
 30
0.0
 10
61.1902
 20
-64.3536
 30
0.0
 10
60.9189
 20
-64.3527
 30
0.0
 10
60.9189
 20
-64.3527
 30
0.0
 10
60.5716
 20
-64.3516
 30
0.0
 10
60.5716
 20
-64.3516
 30
0.0
 10
60.5492
 20
-64.3513
 30
0.0
 10
60.5308
 20
-64.3697
 30
0.0
 10
60.5305
 20
-64.3922
 30
0.0
  0
SPLINE
  5
72
330
1F
100
AcDbEntity
  8
Camada 1
 62
   250
100
AcDbSpline
210
0.0
220
0.0
230
1.0
 70
    11
 71
     3
 72
   131
 73
   127
 74
     0
 42
0.0000000001
 43
0.0000000001
 40
0.0
 40
0.0
 40
0.0
 40
0.0
 40
0.0238095238095238
 40
0.0238095238095238
 40
0.0238095238095238
 40
0.0476190476190476
 40
0.0476190476190476
 40
0.0476190476190476
 40
0.0714285714285714
 40
0.0714285714285714
 40
0.0714285714285714
 40
0.0952380952380952
 40
0.0952380952380952
 40
0.0952380952380952
 40
0.119047619047619
 40
0.119047619047619
 40
0.119047619047619
 40
0.1428571428571428
 40
0.1428571428571428
 40
0.1428571428571428
 40
0.1666666666666667
 40
0.1666666666666667
 40
0.1666666666666667
 40
0.1904761904761905
 40
0.1904761904761905
 40
0.1904761904761905
 40
0.2142857142857143
 40
0.2142857142857143
 40
0.2142857142857143
 40
0.2380952380952381
 40
0.2380952380952381
 40
0.2380952380952381
 40
0.2619047619047619
 40
0.2619047619047619
 40
0.2619047619047619
 40
0.2857142857142857
 40
0.2857142857142857
 40
0.2857142857142857
 40
0.3095238095238095
 40
0.3095238095238095
 40
0.3095238095238095
 40
0.3333333333333333
 40
0.3333333333333333
 40
0.3333333333333333
 40
0.3571428571428571
 40
0.3571428571428571
 40
0.3571428571428571
 40
0.3809523809523809
 40
0.3809523809523809
 40
0.3809523809523809
 40
0.4047619047619048
 40
0.4047619047619048
 40
0.4047619047619048
 40
0.4285714285714285
 40
0.4285714285714285
 40
0.4285714285714285
 40
0.4523809523809523
 40
0.4523809523809523
 40
0.4523809523809523
 40
0.4761904761904762
 40
0.4761904761904762
 40
0.4761904761904762
 40
0.5
 40
0.5
 40
0.5
 40
0.5238095238095237
 40
0.5238095238095237
 40
0.5238095238095237
 40
0.5476190476190476
 40
0.5476190476190476
 40
0.5476190476190476
 40
0.5714285714285714
 40
0.5714285714285714
 40
0.5714285714285714
 40
0.5952380952380952
 40
0.5952380952380952
 40
0.5952380952380952
 40
0.6190476190476191
 40
0.6190476190476191
 40
0.6190476190476191
 40
0.6428571428571428
 40
0.6428571428571428
 40
0.6428571428571428
 40
0.6666666666666666
 40
0.6666666666666666
 40
0.6666666666666666
 40
0.6904761904761905
 40
0.6904761904761905
 40
0.6904761904761905
 40
0.7142857142857142
 40
0.7142857142857142
 40
0.7142857142857142
 40
0.738095238095238
 40
0.738095238095238
 40
0.738095238095238
 40
0.7619047619047619
 40
0.7619047619047619
 40
0.7619047619047619
 40
0.7857142857142857
 40
0.7857142857142857
 40
0.7857142857142857
 40
0.8095238095238095
 40
0.8095238095238095
 40
0.8095238095238095
 40
0.8333333333333333
 40
0.8333333333333333
 40
0.8333333333333333
 40
0.8571428571428571
 40
0.8571428571428571
 40
0.8571428571428571
 40
0.8809523809523809
 40
0.8809523809523809
 40
0.8809523809523809
 40
0.9047619047619047
 40
0.9047619047619047
 40
0.9047619047619047
 40
0.9285714285714285
 40
0.9285714285714285
 40
0.9285714285714285
 40
0.9523809523809523
 40
0.9523809523809523
 40
0.9523809523809523
 40
0.9761904761904762
 40
0.9761904761904762
 40
0.9761904761904762
 40
1.0
 40
1.0
 40
1.0
 40
1.0
 10
67.0534
 20
-67.3948
 30
0.0
 10
66.7622
 20
-67.4984
 30
0.0
 10
66.3998
 20
-67.6318
 30
0.0
 10
66.0635
 20
-67.7121
 30
0.0
 10
65.7184
 20
-67.7942
 30
0.0
 10
65.3697
 20
-67.8016
 30
0.0
 10
65.0129
 20
-67.7321
 30
0.0
 10
64.9392
 20
-67.7177
 30
0.0
 10
64.8214
 20
-67.6854
 30
0.0
 10
64.6598
 20
-67.6354
 30
0.0
 10
64.2609
 20
-67.5119
 30
0.0
 10
63.9178
 20
-67.3264
 30
0.0
 10
63.6305
 20
-67.0796
 30
0.0
 10
63.5202
 20
-66.9847
 30
0.0
 10
63.3606
 20
-66.8204
 30
0.0
 10
63.1518
 20
-66.586
 30
0.0
 10
63.0971
 20
-66.5244
 30
0.0
 10
63.0518
 20
-66.4533
 30
0.0
 10
62.9919
 20
-66.397
 30
0.0
 10
62.9771
 20
-66.3831
 30
0.0
 10
62.9556
 20
-66.3793
 30
0.0
 10
62.937
 20
-66.3869
 30
0.0
 10
62.9029
 20
-66.401
 30
0.0
 10
62.8713
 20
-66.4223
 30
0.0
 10
62.8419
 20
-66.4513
 30
0.0
 10
62.6879
 20
-66.604
 30
0.0
 10
62.5798
 20
-66.6916
 30
0.0
 10
62.5334
 20
-66.8008
 30
0.0
 10
62.5289
 20
-66.8116
 30
0.0
 10
62.5309
 20
-66.8237
 30
0.0
 10
62.5388
 20
-66.8322
 30
0.0
 10
62.6935
 20
-67.0004
 30
0.0
 10
62.9081
 20
-67.1509
 30
0.0
 10
63.0505
 20
-67.2764
 30
0.0
 10
63.1556
 20
-67.3693
 30
0.0
 10
63.261
 20
-67.4928
 30
0.0
 10
63.3664
 20
-67.6473
 30
0.0
 10
63.622
 20
-68.0218
 30
0.0
 10
63.8066
 20
-68.4104
 30
0.0
 10
63.8817
 20
-68.8501
 30
0.0
 10
63.9016
 20
-68.966
 30
0.0
 10
63.9153
 20
-69.1062
 30
0.0
 10
63.9227
 20
-69.2701
 30
0.0
 10
63.9263
 20
-69.3501
 30
0.0
 10
63.9099
 20
-69.5163
 30
0.0
 10
63.8734
 20
-69.769
 30
0.0
 10
63.8687
 20
-69.802
 30
0.0
 10
63.8418
 20
-69.9192
 30
0.0
 10
63.7929
 20
-70.1204
 30
0.0
 10
63.7424
 20
-70.3273
 30
0.0
 10
63.6554
 20
-70.5558
 30
0.0
 10
63.5996
 20
-70.7321
 30
0.0
 10
63.5826
 20
-70.7863
 30
0.0
 10
63.5561
 20
-70.8278
 30
0.0
 10
63.5474
 20
-70.8899
 30
0.0
 10
63.5438
 20
-70.9148
 30
0.0
 10
63.5189
 20
-70.9305
 30
0.0
 10
63.4949
 20
-70.9233
 30
0.0
 10
63.3572
 20
-70.8816
 30
0.0
 10
63.1767
 20
-70.8558
 30
0.0
 10
63.0375
 20
-70.7922
 30
0.0
 10
62.9013
 20
-70.7298
 30
0.0
 10
62.7648
 20
-70.6807
 30
0.0
 10
62.6489
 20
-70.6002
 30
0.0
 10
62.5699
 20
-70.5455
 30
0.0
 10
62.4834
 20
-70.5031
 30
0.0
 10
62.3946
 20
-70.4278
 30
0.0
 10
62.3
 20
-70.3473
 30
0.0
 10
62.1544
 20
-70.2428
 30
0.0
 10
62.0739
 20
-70.1388
 30
0.0
 10
62.0078
 20
-70.0533
 30
0.0
 10
61.9293
 20
-69.9831
 30
0.0
 10
61.8546
 20
-69.8854
 30
0.0
 10
61.5154
 20
-69.443
 30
0.0
 10
61.3035
 20
-68.9483
 30
0.0
 10
61.2194
 20
-68.4019
 30
0.0
 10
61.2039
 20
-68.3016
 30
0.0
 10
61.1972
 20
-68.2166
 30
0.0
 10
61.199
 20
-68.1471
 30
0.0
 10
61.2014
 20
-68.0494
 30
0.0
 10
61.1949
 20
-67.9191
 30
0.0
 10
61.2097
 20
-67.8063
 30
0.0
 10
61.244
 20
-67.5442
 30
0.0
 10
61.2923
 20
-67.3195
 30
0.0
 10
61.3544
 20
-67.1327
 30
0.0
 10
61.366
 20
-67.098
 30
0.0
 10
61.4098
 20
-66.9901
 30
0.0
 10
61.4853
 20
-66.8087
 30
0.0
 10
61.586
 20
-66.5672
 30
0.0
 10
61.7313
 20
-66.3302
 30
0.0
 10
61.9212
 20
-66.0977
 30
0.0
 10
62.1042
 20
-65.8736
 30
0.0
 10
62.3322
 20
-65.6743
 30
0.0
 10
62.6056
 20
-65.4999
 30
0.0
 10
62.885
 20
-65.3216
 30
0.0
 10
63.2173
 20
-65.1929
 30
0.0
 10
63.6025
 20
-65.1137
 30
0.0
 10
63.6326
 20
-65.1077
 30
0.0
 10
63.7604
 20
-65.0929
 30
0.0
 10
63.986
 20
-65.0693
 30
0.0
 10
64.0122
 20
-65.0666
 30
0.0
 10
64.0411
 20
-65.0628
 30
0.0
 10
64.0723
 20
-65.0579
 30
0.0
 10
64.116
 20
-65.0509
 30
0.0
 10
64.1653
 20
-65.0501
 30
0.0
 10
64.2203
 20
-65.0552
 30
0.0
 10
64.4073
 20
-65.0727
 30
0.0
 10
64.5894
 20
-65.0962
 30
0.0
 10
64.7665
 20
-65.1256
 30
0.0
 10
64.8531
 20
-65.1402
 30
0.0
 10
64.9219
 20
-65.1566
 30
0.0
 10
64.973
 20
-65.1749
 30
0.0
 10
65.0477
 20
-65.2019
 30
0.0
 10
65.1385
 20
-65.2191
 30
0.0
 10
65.241
 20
-65.257
 30
0.0
 10
65.4304
 20
-65.3274
 30
0.0
 10
65.617
 20
-65.4196
 30
0.0
 10
65.8002
 20
-65.5333
 30
0.0
 10
66.3061
 20
-65.8476
 30
0.0
 10
66.705
 20
-66.3044
 30
0.0
 10
66.9267
 20
-66.8607
 30
0.0
 10
66.9956
 20
-67.0334
 30
0.0
 10
67.0416
 20
-67.2049
 30
0.0
 10
67.0651
 20
-67.3756
 30
0.0
 10
67.0662
 20
-67.3838
 30
0.0
 10
67.0615
 20
-67.3919
 30
0.0
 10
67.0534
 20
-67.3948
 30
0.0
  0
SPLINE
  5
73
330
1F
100
AcDbEntity
  8
Camada 1
 62
   250
100
AcDbSpline
210
0.0
220
0.0
230
1.0
 70
    11
 71
     3
 72
   134
 73
   130
 74
     0
 42
0.0000000001
 43
0.0000000001
 40
0.0
 40
0.0
 40
0.0
 40
0.0
 40
0.0232558139534884
 40
0.0232558139534884
 40
0.0232558139534884
 40
0.0465116279069767
 40
0.0465116279069767
 40
0.0465116279069767
 40
0.0697674418604651
 40
0.0697674418604651
 40
0.0697674418604651
 40
0.0930232558139535
 40
0.0930232558139535
 40
0.0930232558139535
 40
0.1162790697674419
 40
0.1162790697674419
 40
0.1162790697674419
 40
0.1395348837209302
 40
0.1395348837209302
 40
0.1395348837209302
 40
0.1627906976744186
 40
0.1627906976744186
 40
0.1627906976744186
 40
0.186046511627907
 40
0.186046511627907
 40
0.186046511627907
 40
0.2093023255813953
 40
0.2093023255813953
 40
0.2093023255813953
 40
0.2325581395348837
 40
0.2325581395348837
 40
0.2325581395348837
 40
0.2558139534883721
 40
0.2558139534883721
 40
0.2558139534883721
 40
0.2790697674418605
 40
0.2790697674418605
 40
0.2790697674418605
 40
0.3023255813953488
 40
0.3023255813953488
 40
0.3023255813953488
 40
0.3255813953488372
 40
0.3255813953488372
 40
0.3255813953488372
 40
0.3488372093023256
 40
0.3488372093023256
 40
0.3488372093023256
 40
0.3720930232558139
 40
0.3720930232558139
 40
0.3720930232558139
 40
0.3953488372093023
 40
0.3953488372093023
 40
0.3953488372093023
 40
0.4186046511627907
 40
0.4186046511627907
 40
0.4186046511627907
 40
0.4418604651162791
 40
0.4418604651162791
 40
0.4418604651162791
 40
0.4651162790697674
 40
0.4651162790697674
 40
0.4651162790697674
 40
0.4883720930232558
 40
0.4883720930232558
 40
0.4883720930232558
 40
0.5116279069767442
 40
0.5116279069767442
 40
0.5116279069767442
 40
0.5348837209302325
 40
0.5348837209302325
 40
0.5348837209302325
 40
0.5581395348837209
 40
0.5581395348837209
 40
0.5581395348837209
 40
0.5813953488372093
 40
0.5813953488372093
 40
0.5813953488372093
 40
0.6046511627906976
 40
0.6046511627906976
 40
0.6046511627906976
 40
0.627906976744186
 40
0.627906976744186
 40
0.627906976744186
 40
0.6511627906976745
 40
0.6511627906976745
 40
0.6511627906976745
 40
0.6744186046511628
 40
0.6744186046511628
 40
0.6744186046511628
 40
0.6976744186046512
 40
0.6976744186046512
 40
0.6976744186046512
 40
0.7209302325581395
 40
0.7209302325581395
 40
0.7209302325581395
 40
0.7441860465116279
 40
0.7441860465116279
 40
0.7441860465116279
 40
0.7674418604651163
 40
0.7674418604651163
 40
0.7674418604651163
 40
0.7906976744186046
 40
0.7906976744186046
 40
0.7906976744186046
 40
0.813953488372093
 40
0.813953488372093
 40
0.813953488372093
 40
0.8372093023255813
 40
0.8372093023255813
 40
0.8372093023255813
 40
0.8604651162790697
 40
0.8604651162790697
 40
0.8604651162790697
 40
0.8837209302325582
 40
0.8837209302325582
 40
0.8837209302325582
 40
0.9069767441860465
 40
0.9069767441860465
 40
0.9069767441860465
 40
0.9302325581395349
 40
0.9302325581395349
 40
0.9302325581395349
 40
0.9534883720930233
 40
0.9534883720930233
 40
0.9534883720930233
 40
0.9767441860465116
 40
0.9767441860465116
 40
0.9767441860465116
 40
1.0
 40
1.0
 40
1.0
 40
1.0
 10
63.4256
 20
-70.7029
 30
0.0
 10
63.4873
 20
-70.5856
 30
0.0
 10
63.5218
 20
-70.4545
 30
0.0
 10
63.5725
 20
-70.2962
 30
0.0
 10
63.6025
 20
-70.2024
 30
0.0
 10
63.6247
 20
-70.1174
 30
0.0
 10
63.6393
 20
-70.0412
 30
0.0
 10
63.6814
 20
-69.819
 30
0.0
 10
63.7142
 20
-69.6439
 30
0.0
 10
63.7066
 20
-69.4499
 30
0.0
 10
63.7032
 20
-69.3685
 30
0.0
 10
63.7036
 20
-69.2835
 30
0.0
 10
63.7075
 20
-69.1947
 30
0.0
 10
63.7131
 20
-69.0654
 30
0.0
 10
63.7012
 20
-68.9261
 30
0.0
 10
63.6716
 20
-68.7765
 30
0.0
 10
63.6261
 20
-68.5472
 30
0.0
 10
63.5554
 20
-68.3283
 30
0.0
 10
63.4592
 20
-68.1196
 30
0.0
 10
63.3121
 20
-67.8002
 30
0.0
 10
63.0823
 20
-67.5074
 30
0.0
 10
62.7699
 20
-67.2408
 30
0.0
 10
62.6809
 20
-67.1648
 30
0.0
 10
62.552
 20
-67.0731
 30
0.0
 10
62.3831
 20
-66.9659
 30
0.0
 10
62.3439
 20
-66.941
 30
0.0
 10
62.3118
 20
-66.9085
 30
0.0
 10
62.2874
 20
-66.8683
 30
0.0
 10
62.2789
 20
-66.8544
 30
0.0
 10
62.2802
 20
-66.837
 30
0.0
 10
62.2905
 20
-66.8244
 30
0.0
 10
62.3343
 20
-66.771
 30
0.0
 10
62.3762
 20
-66.7123
 30
0.0
 10
62.4159
 20
-66.6479
 30
0.0
 10
62.4641
 20
-66.5699
 30
0.0
 10
62.5717
 20
-66.4537
 30
0.0
 10
62.6619
 20
-66.3775
 30
0.0
 10
62.7742
 20
-66.2826
 30
0.0
 10
62.8827
 20
-66.2026
 30
0.0
 10
62.987
 20
-66.1371
 30
0.0
 10
62.9964
 20
-66.1313
 30
0.0
 10
63.0081
 20
-66.1313
 30
0.0
 10
63.0175
 20
-66.1371
 30
0.0
 10
63.0534
 20
-66.1598
 30
0.0
 10
63.0834
 20
-66.1885
 30
0.0
 10
63.1076
 20
-66.2235
 30
0.0
 10
63.1767
 20
-66.3232
 30
0.0
 10
63.2263
 20
-66.3954
 30
0.0
 10
63.2561
 20
-66.4401
 30
0.0
 10
63.3586
 20
-66.5943
 30
0.0
 10
63.466
 20
-66.6943
 30
0.0
 10
63.5992
 20
-66.8262
 30
0.0
 10
63.8007
 20
-67.0253
 30
0.0
 10
64.0319
 20
-67.1926
 30
0.0
 10
64.2932
 20
-67.328
 30
0.0
 10
64.673
 20
-67.5249
 30
0.0
 10
65.0981
 20
-67.607
 30
0.0
 10
65.521
 20
-67.5814
 30
0.0
 10
65.6594
 20
-67.5731
 30
0.0
 10
65.8076
 20
-67.5635
 30
0.0
 10
65.9596
 20
-67.535
 30
0.0
 10
66.2628
 20
-67.4782
 30
0.0
 10
66.5657
 20
-67.3939
 30
0.0
 10
66.8682
 20
-67.282
 30
0.0
 10
66.8808
 20
-67.2773
 30
0.0
 10
66.8868
 20
-67.2632
 30
0.0
 10
66.8819
 20
-67.2509
 30
0.0
 10
66.8563
 20
-67.1874
 30
0.0
 10
66.8357
 20
-67.1249
 30
0.0
 10
66.8202
 20
-67.063
 30
0.0
 10
66.8059
 20
-67.0053
 30
0.0
 10
66.7835
 20
-66.943
 30
0.0
 10
66.7532
 20
-66.876
 30
0.0
 10
66.6691
 20
-66.6903
 30
0.0
 10
66.572
 20
-66.5199
 30
0.0
 10
66.4617
 20
-66.3645
 30
0.0
 10
66.4077
 20
-66.2885
 30
0.0
 10
66.3511
 20
-66.2356
 30
0.0
 10
66.2937
 20
-66.1647
 30
0.0
 10
66.2581
 20
-66.121
 30
0.0
 10
66.2132
 20
-66.073
 30
0.0
 10
66.159
 20
-66.0212
 30
0.0
 10
65.7412
 20
-65.6214
 30
0.0
 10
65.2441
 20
-65.368
 30
0.0
 10
64.6676
 20
-65.261
 30
0.0
 10
64.5676
 20
-65.2424
 30
0.0
 10
64.4867
 20
-65.2433
 30
0.0
 10
64.4017
 20
-65.2303
 30
0.0
 10
64.3411
 20
-65.2209
 30
0.0
 10
64.2743
 20
-65.2171
 30
0.0
 10
64.2012
 20
-65.2189
 30
0.0
 10
63.9223
 20
-65.2258
 30
0.0
 10
63.6799
 20
-65.2554
 30
0.0
 10
63.4738
 20
-65.3077
 30
0.0
 10
63.1875
 20
-65.3803
 30
0.0
 10
62.8964
 20
-65.5129
 30
0.0
 10
62.6004
 20
-65.7053
 30
0.0
 10
62.5854
 20
-65.7151
 30
0.0
 10
62.5246
 20
-65.7622
 30
0.0
 10
62.4181
 20
-65.8467
 30
0.0
 10
62.3583
 20
-65.8943
 30
0.0
 10
62.3114
 20
-65.9476
 30
0.0
 10
62.26
 20
-65.9871
 30
0.0
 10
62.2208
 20
-66.0169
 30
0.0
 10
62.1825
 20
-66.0533
 30
0.0
 10
62.1446
 20
-66.0959
 30
0.0
 10
61.9268
 20
-66.3405
 30
0.0
 10
61.7631
 20
-66.5782
 30
0.0
 10
61.6535
 20
-66.8089
 30
0.0
 10
61.5497
 20
-67.0273
 30
0.0
 10
61.4804
 20
-67.2273
 30
0.0
 10
61.4459
 20
-67.409
 30
0.0
 10
61.4008
 20
-67.6469
 30
0.0
 10
61.3772
 20
-67.811
 30
0.0
 10
61.3757
 20
-67.9011
 30
0.0
 10
61.3687
 20
-68.2723
 30
0.0
 10
61.4151
 20
-68.6086
 30
0.0
 10
61.5151
 20
-68.9102
 30
0.0
 10
61.7526
 20
-69.6255
 30
0.0
 10
62.2908
 20
-70.2614
 30
0.0
 10
62.9895
 20
-70.5832
 30
0.0
 10
63.061
 20
-70.6161
 30
0.0
 10
63.1256
 20
-70.6408
 30
0.0
 10
63.1828
 20
-70.6572
 30
0.0
 10
63.2686
 20
-70.6816
 30
0.0
 10
63.3346
 20
-70.7027
 30
0.0
 10
63.3801
 20
-70.7202
 30
0.0
 10
63.3973
 20
-70.7269
 30
0.0
 10
63.4171
 20
-70.7193
 30
0.0
 10
63.4256
 20
-70.7029
 30
0.0
  0
SPLINE
  5
74
330
1F
100
AcDbEntity
  8
Camada 1
 62
   250
100
AcDbSpline
210
0.0
220
0.0
230
1.0
 70
    11
 71
     3
 72
   134
 73
   130
 74
     0
 42
0.0000000001
 43
0.0000000001
 40
0.0
 40
0.0
 40
0.0
 40
0.0
 40
0.0232558139534884
 40
0.0232558139534884
 40
0.0232558139534884
 40
0.0465116279069767
 40
0.0465116279069767
 40
0.0465116279069767
 40
0.0697674418604651
 40
0.0697674418604651
 40
0.0697674418604651
 40
0.0930232558139535
 40
0.0930232558139535
 40
0.0930232558139535
 40
0.1162790697674419
 40
0.1162790697674419
 40
0.1162790697674419
 40
0.1395348837209302
 40
0.1395348837209302
 40
0.1395348837209302
 40
0.1627906976744186
 40
0.1627906976744186
 40
0.1627906976744186
 40
0.186046511627907
 40
0.186046511627907
 40
0.186046511627907
 40
0.2093023255813953
 40
0.2093023255813953
 40
0.2093023255813953
 40
0.2325581395348837
 40
0.2325581395348837
 40
0.2325581395348837
 40
0.2558139534883721
 40
0.2558139534883721
 40
0.2558139534883721
 40
0.2790697674418605
 40
0.2790697674418605
 40
0.2790697674418605
 40
0.3023255813953488
 40
0.3023255813953488
 40
0.3023255813953488
 40
0.3255813953488372
 40
0.3255813953488372
 40
0.3255813953488372
 40
0.3488372093023256
 40
0.3488372093023256
 40
0.3488372093023256
 40
0.3720930232558139
 40
0.3720930232558139
 40
0.3720930232558139
 40
0.3953488372093023
 40
0.3953488372093023
 40
0.3953488372093023
 40
0.4186046511627907
 40
0.4186046511627907
 40
0.4186046511627907
 40
0.4418604651162791
 40
0.4418604651162791
 40
0.4418604651162791
 40
0.4651162790697674
 40
0.4651162790697674
 40
0.4651162790697674
 40
0.4883720930232558
 40
0.4883720930232558
 40
0.4883720930232558
 40
0.5116279069767442
 40
0.5116279069767442
 40
0.5116279069767442
 40
0.5348837209302325
 40
0.5348837209302325
 40
0.5348837209302325
 40
0.5581395348837209
 40
0.5581395348837209
 40
0.5581395348837209
 40
0.5813953488372093
 40
0.5813953488372093
 40
0.5813953488372093
 40
0.6046511627906976
 40
0.6046511627906976
 40
0.6046511627906976
 40
0.627906976744186
 40
0.627906976744186
 40
0.627906976744186
 40
0.6511627906976745
 40
0.6511627906976745
 40
0.6511627906976745
 40
0.6744186046511628
 40
0.6744186046511628
 40
0.6744186046511628
 40
0.6976744186046512
 40
0.6976744186046512
 40
0.6976744186046512
 40
0.7209302325581395
 40
0.7209302325581395
 40
0.7209302325581395
 40
0.7441860465116279
 40
0.7441860465116279
 40
0.7441860465116279
 40
0.7674418604651163
 40
0.7674418604651163
 40
0.7674418604651163
 40
0.7906976744186046
 40
0.7906976744186046
 40
0.7906976744186046
 40
0.813953488372093
 40
0.813953488372093
 40
0.813953488372093
 40
0.8372093023255813
 40
0.8372093023255813
 40
0.8372093023255813
 40
0.8604651162790697
 40
0.8604651162790697
 40
0.8604651162790697
 40
0.8837209302325582
 40
0.8837209302325582
 40
0.8837209302325582
 40
0.9069767441860465
 40
0.9069767441860465
 40
0.9069767441860465
 40
0.9302325581395349
 40
0.9302325581395349
 40
0.9302325581395349
 40
0.9534883720930233
 40
0.9534883720930233
 40
0.9534883720930233
 40
0.9767441860465116
 40
0.9767441860465116
 40
0.9767441860465116
 40
1.0
 40
1.0
 40
1.0
 40
1.0
 10
59.3625
 20
-66.8643
 30
0.0
 10
59.369
 20
-66.8551
 30
0.0
 10
59.3684
 20
-66.8428
 30
0.0
 10
59.361
 20
-66.8345
 30
0.0
 10
59.2977
 20
-66.7627
 30
0.0
 10
59.2549
 20
-66.678
 30
0.0
 10
59.1912
 20
-66.6096
 30
0.0
 10
59.1049
 20
-66.5167
 30
0.0
 10
59.0188
 20
-66.4623
 30
0.0
 10
58.9405
 20
-66.3737
 30
0.0
 10
58.9302
 20
-66.362
 30
0.0
 10
58.9127
 20
-66.3609
 30
0.0
 10
58.9008
 20
-66.371
 30
0.0
 10
58.7665
 20
-66.4858
 30
0.0
 10
58.6602
 20
-66.6356
 30
0.0
 10
58.5726
 20
-66.7721
 30
0.0
 10
58.5481
 20
-66.81
 30
0.0
 10
58.5075
 20
-66.8535
 30
0.0
 10
58.4504
 20
-66.9031
 30
0.0
 10
58.1985
 20
-67.1213
 30
0.0
 10
57.9299
 20
-67.3085
 30
0.0
 10
57.6445
 20
-67.4643
 30
0.0
 10
57.5299
 20
-67.5269
 30
0.0
 10
57.3967
 20
-67.5866
 30
0.0
 10
57.2453
 20
-67.6431
 30
0.0
 10
56.9375
 20
-67.7581
 30
0.0
 10
56.6283
 20
-67.8007
 30
0.0
 10
56.3172
 20
-67.7711
 30
0.0
 10
56.182
 20
-67.7581
 30
0.0
 10
56.067
 20
-67.7563
 30
0.0
 10
55.9457
 20
-67.7227
 30
0.0
 10
55.789
 20
-67.6792
 30
0.0
 10
55.6486
 20
-67.652
 30
0.0
 10
55.4889
 20
-67.6
 30
0.0
 10
55.2613
 20
-67.5258
 30
0.0
 10
55.0387
 20
-67.461
 30
0.0
 10
54.8209
 20
-67.4056
 30
0.0
 10
54.807
 20
-67.4022
 30
0.0
 10
54.7983
 20
-67.3886
 30
0.0
 10
54.8008
 20
-67.3744
 30
0.0
 10
54.8324
 20
-67.1921
 30
0.0
 10
54.8734
 20
-67.0367
 30
0.0
 10
54.9241
 20
-66.9087
 30
0.0
 10
54.96
 20
-66.8181
 30
0.0
 10
55.0189
 20
-66.6966
 30
0.0
 10
55.1008
 20
-66.5441
 30
0.0
 10
55.1627
 20
-66.4291
 30
0.0
 10
55.2371
 20
-66.3165
 30
0.0
 10
55.3239
 20
-66.2064
 30
0.0
 10
55.5228
 20
-65.9548
 30
0.0
 10
55.7517
 20
-65.744
 30
0.0
 10
56.0112
 20
-65.5743
 30
0.0
 10
56.4455
 20
-65.2902
 30
0.0
 10
56.9283
 20
-65.1249
 30
0.0
 10
57.4599
 20
-65.0785
 30
0.0
 10
57.5012
 20
-65.0747
 30
0.0
 10
57.6021
 20
-65.0727
 30
0.0
 10
57.7624
 20
-65.0722
 30
0.0
 10
57.8781
 20
-65.0718
 30
0.0
 10
57.9788
 20
-65.0781
 30
0.0
 10
58.0642
 20
-65.0909
 30
0.0
 10
58.3098
 20
-65.1279
 30
0.0
 10
58.5196
 20
-65.1779
 30
0.0
 10
58.6934
 20
-65.2409
 30
0.0
 10
58.9869
 20
-65.3472
 30
0.0
 10
59.2558
 20
-65.4947
 30
0.0
 10
59.5
 20
-65.6835
 30
0.0
 10
59.7226
 20
-65.8555
 30
0.0
 10
59.9276
 20
-66.0672
 30
0.0
 10
60.1148
 20
-66.3181
 30
0.0
 10
60.1357
 20
-66.3461
 30
0.0
 10
60.1801
 20
-66.4145
 30
0.0
 10
60.2476
 20
-66.5232
 30
0.0
 10
60.3007
 20
-66.6089
 30
0.0
 10
60.3393
 20
-66.6804
 30
0.0
 10
60.3633
 20
-66.7381
 30
0.0
 10
60.4234
 20
-66.8811
 30
0.0
 10
60.4859
 20
-66.9997
 30
0.0
 10
60.5216
 20
-67.1338
 30
0.0
 10
60.5873
 20
-67.3807
 30
0.0
 10
60.627
 20
-67.5922
 30
0.0
 10
60.6406
 20
-67.7686
 30
0.0
 10
60.6471
 20
-67.8518
 30
0.0
 10
60.648
 20
-67.9677
 30
0.0
 10
60.6436
 20
-68.1162
 30
0.0
 10
60.6397
 20
-68.2379
 30
0.0
 10
60.6294
 20
-68.353
 30
0.0
 10
60.6122
 20
-68.4611
 30
0.0
 10
60.5034
 20
-69.1479
 30
0.0
 10
60.2068
 20
-69.7392
 30
0.0
 10
59.7222
 20
-70.2345
 30
0.0
 10
59.6401
 20
-70.3184
 30
0.0
 10
59.5525
 20
-70.3753
 30
0.0
 10
59.4594
 20
-70.4522
 30
0.0
 10
59.3737
 20
-70.5233
 30
0.0
 10
59.2791
 20
-70.5704
 30
0.0
 10
59.1811
 20
-70.6321
 30
0.0
 10
59.0764
 20
-70.698
 30
0.0
 10
58.9547
 20
-70.7381
 30
0.0
 10
58.8414
 20
-70.7874
 30
0.0
 10
58.6979
 20
-70.85
 30
0.0
 10
58.5378
 20
-70.8686
 30
0.0
 10
58.3891
 20
-70.8964
 30
0.0
 10
58.3799
 20
-70.8982
 30
0.0
 10
58.3708
 20
-70.894
 30
0.0
 10
58.3663
 20
-70.8859
 30
0.0
 10
58.212
 20
-70.615
 30
0.0
 10
58.0739
 20
-70.3199
 30
0.0
 10
58.0091
 20
-70.0262
 30
0.0
 10
57.9761
 20
-69.8771
 30
0.0
 10
57.9564
 20
-69.7405
 30
0.0
 10
57.9499
 20
-69.6165
 30
0.0
 10
57.9492
 20
-69.6024
 30
0.0
 10
57.9479
 20
-69.4957
 30
0.0
 10
57.9463
 20
-69.2959
 30
0.0
 10
57.9456
 20
-69.1961
 30
0.0
 10
57.955
 20
-69.0896
 30
0.0
 10
57.9748
 20
-68.9766
 30
0.0
 10
58.0465
 20
-68.5635
 30
0.0
 10
58.1889
 20
-68.1848
 30
0.0
 10
58.4019
 20
-67.8406
 30
0.0
 10
58.534
 20
-67.6274
 30
0.0
 10
58.7031
 20
-67.415
 30
0.0
 10
58.9091
 20
-67.2031
 30
0.0
 10
59.0432
 20
-67.0652
 30
0.0
 10
59.2033
 20
-66.9704
 30
0.0
 10
59.3486
 20
-66.8762
 30
0.0
 10
59.3554
 20
-66.8719
 30
0.0
 10
59.3601
 20
-66.8679
 30
0.0
 10
59.3625
 20
-66.8643
 30
0.0
  0
SPLINE
  5
75
330
1F
100
AcDbEntity
  8
Camada 1
 62
   250
100
AcDbSpline
210
0.0
220
0.0
230
1.0
 70
    11
 71
     3
 72
   146
 73
   142
 74
     0
 42
0.0000000001
 43
0.0000000001
 40
0.0
 40
0.0
 40
0.0
 40
0.0
 40
0.0212765957446809
 40
0.0212765957446809
 40
0.0212765957446809
 40
0.0425531914893617
 40
0.0425531914893617
 40
0.0425531914893617
 40
0.0638297872340425
 40
0.0638297872340425
 40
0.0638297872340425
 40
0.0851063829787234
 40
0.0851063829787234
 40
0.0851063829787234
 40
0.1063829787234043
 40
0.1063829787234043
 40
0.1063829787234043
 40
0.1276595744680851
 40
0.1276595744680851
 40
0.1276595744680851
 40
0.148936170212766
 40
0.148936170212766
 40
0.148936170212766
 40
0.1702127659574468
 40
0.1702127659574468
 40
0.1702127659574468
 40
0.1914893617021277
 40
0.1914893617021277
 40
0.1914893617021277
 40
0.2127659574468085
 40
0.2127659574468085
 40
0.2127659574468085
 40
0.2340425531914894
 40
0.2340425531914894
 40
0.2340425531914894
 40
0.2553191489361702
 40
0.2553191489361702
 40
0.2553191489361702
 40
0.2765957446808511
 40
0.2765957446808511
 40
0.2765957446808511
 40
0.2978723404255319
 40
0.2978723404255319
 40
0.2978723404255319
 40
0.3191489361702128
 40
0.3191489361702128
 40
0.3191489361702128
 40
0.3404255319148936
 40
0.3404255319148936
 40
0.3404255319148936
 40
0.3617021276595744
 40
0.3617021276595744
 40
0.3617021276595744
 40
0.3829787234042553
 40
0.3829787234042553
 40
0.3829787234042553
 40
0.4042553191489361
 40
0.4042553191489361
 40
0.4042553191489361
 40
0.425531914893617
 40
0.425531914893617
 40
0.425531914893617
 40
0.4468085106382979
 40
0.4468085106382979
 40
0.4468085106382979
 40
0.4680851063829787
 40
0.4680851063829787
 40
0.4680851063829787
 40
0.4893617021276596
 40
0.4893617021276596
 40
0.4893617021276596
 40
0.5106382978723404
 40
0.5106382978723404
 40
0.5106382978723404
 40
0.5319148936170213
 40
0.5319148936170213
 40
0.5319148936170213
 40
0.5531914893617021
 40
0.5531914893617021
 40
0.5531914893617021
 40
0.5744680851063829
 40
0.5744680851063829
 40
0.5744680851063829
 40
0.5957446808510638
 40
0.5957446808510638
 40
0.5957446808510638
 40
0.6170212765957447
 40
0.6170212765957447
 40
0.6170212765957447
 40
0.6382978723404256
 40
0.6382978723404256
 40
0.6382978723404256
 40
0.6595744680851063
 40
0.6595744680851063
 40
0.6595744680851063
 40
0.6808510638297872
 40
0.6808510638297872
 40
0.6808510638297872
 40
0.7021276595744681
 40
0.7021276595744681
 40
0.7021276595744681
 40
0.7234042553191489
 40
0.7234042553191489
 40
0.7234042553191489
 40
0.7446808510638298
 40
0.7446808510638298
 40
0.7446808510638298
 40
0.7659574468085106
 40
0.7659574468085106
 40
0.7659574468085106
 40
0.7872340425531915
 40
0.7872340425531915
 40
0.7872340425531915
 40
0.8085106382978723
 40
0.8085106382978723
 40
0.8085106382978723
 40
0.8297872340425532
 40
0.8297872340425532
 40
0.8297872340425532
 40
0.851063829787234
 40
0.851063829787234
 40
0.851063829787234
 40
0.8723404255319148
 40
0.8723404255319148
 40
0.8723404255319148
 40
0.8936170212765957
 40
0.8936170212765957
 40
0.8936170212765957
 40
0.9148936170212766
 40
0.9148936170212766
 40
0.9148936170212766
 40
0.9361702127659575
 40
0.9361702127659575
 40
0.9361702127659575
 40
0.9574468085106382
 40
0.9574468085106382
 40
0.9574468085106382
 40
0.9787234042553191
 40
0.9787234042553191
 40
0.9787234042553191
 40
1.0
 40
1.0
 40
1.0
 40
1.0
 10
58.4625
 20
-70.7341
 30
0.0
 10
58.6975
 20
-70.6652
 30
0.0
 10
58.9112
 20
-70.5785
 30
0.0
 10
59.1035
 20
-70.474
 30
0.0
 10
59.1553
 20
-70.4459
 30
0.0
 10
59.2002
 20
-70.4177
 30
0.0
 10
59.2383
 20
-70.3892
 30
0.0
 10
59.3547
 20
-70.3024
 30
0.0
 10
59.4565
 20
-70.2435
 30
0.0
 10
59.5558
 20
-70.1495
 30
0.0
 10
59.7381
 20
-69.9766
 30
0.0
 10
59.8792
 20
-69.8152
 30
0.0
 10
59.9789
 20
-69.665
 30
0.0
 10
60.0177
 20
-69.6067
 30
0.0
 10
60.0785
 20
-69.5051
 30
0.0
 10
60.1617
 20
-69.3604
 30
0.0
 10
60.1996
 20
-69.2943
 30
0.0
 10
60.2586
 20
-69.1474
 30
0.0
 10
60.3384
 20
-68.9198
 30
0.0
 10
60.3494
 20
-68.8887
 30
0.0
 10
60.3765
 20
-68.7712
 30
0.0
 10
60.4202
 20
-68.5678
 30
0.0
 10
60.4474
 20
-68.442
 30
0.0
 10
60.4615
 20
-68.3225
 30
0.0
 10
60.4631
 20
-68.2097
 30
0.0
 10
60.4657
 20
-68.0065
 30
0.0
 10
60.4731
 20
-67.8316
 30
0.0
 10
60.4568
 20
-67.6792
 30
0.0
 10
60.4438
 20
-67.5572
 30
0.0
 10
60.411
 20
-67.4363
 30
0.0
 10
60.3933
 20
-67.3338
 30
0.0
 10
60.3704
 20
-67.2013
 30
0.0
 10
60.3274
 20
-67.1181
 30
0.0
 10
60.2947
 20
-66.9982
 30
0.0
 10
60.2846
 20
-66.9612
 30
0.0
 10
60.2648
 20
-66.9109
 30
0.0
 10
60.2359
 20
-66.8475
 30
0.0
 10
60.1126
 20
-66.5775
 30
0.0
 10
59.9843
 20
-66.3589
 30
0.0
 10
59.7859
 20
-66.1445
 30
0.0
 10
59.6453
 20
-65.9927
 30
0.0
 10
59.5502
 20
-65.8965
 30
0.0
 10
59.5007
 20
-65.8564
 30
0.0
 10
59.1273
 20
-65.5525
 30
0.0
 10
58.7064
 20
-65.3595
 30
0.0
 10
58.2378
 20
-65.2772
 30
0.0
 10
58.1089
 20
-65.2545
 30
0.0
 10
57.9824
 20
-65.2429
 30
0.0
 10
57.8584
 20
-65.2424
 30
0.0
 10
57.7469
 20
-65.2418
 30
0.0
 10
57.6198
 20
-65.2429
 30
0.0
 10
57.4765
 20
-65.2454
 30
0.0
 10
57.3527
 20
-65.2476
 30
0.0
 10
57.2191
 20
-65.2819
 30
0.0
 10
57.1328
 20
-65.2949
 30
0.0
 10
57.0648
 20
-65.3052
 30
0.0
 10
56.9989
 20
-65.3191
 30
0.0
 10
56.9352
 20
-65.3366
 30
0.0
 10
56.4682
 20
-65.4651
 30
0.0
 10
56.0652
 20
-65.6831
 30
0.0
 10
55.7268
 20
-65.99
 30
0.0
 10
55.4241
 20
-66.2647
 30
0.0
 10
55.1994
 20
-66.6062
 30
0.0
 10
55.0526
 20
-67.015
 30
0.0
 10
55.025
 20
-67.0915
 30
0.0
 10
55.0084
 20
-67.1856
 30
0.0
 10
54.9952
 20
-67.2533
 30
0.0
 10
54.9911
 20
-67.2742
 30
0.0
 10
55.0035
 20
-67.2948
 30
0.0
 10
55.0239
 20
-67.3011
 30
0.0
 10
55.2972
 20
-67.3854
 30
0.0
 10
55.5257
 20
-67.4554
 30
0.0
 10
55.7091
 20
-67.5108
 30
0.0
 10
55.8881
 20
-67.5648
 30
0.0
 10
56.0457
 20
-67.583
 30
0.0
 10
56.2327
 20
-67.6031
 30
0.0
 10
56.4686
 20
-67.6287
 30
0.0
 10
56.6993
 20
-67.6117
 30
0.0
 10
56.9247
 20
-67.552
 30
0.0
 10
57.1106
 20
-67.5027
 30
0.0
 10
57.2574
 20
-67.4534
 30
0.0
 10
57.3653
 20
-67.4038
 30
0.0
 10
57.575
 20
-67.3078
 30
0.0
 10
57.7061
 20
-67.2448
 30
0.0
 10
57.7591
 20
-67.2148
 30
0.0
 10
57.9698
 20
-67.0948
 30
0.0
 10
58.1391
 20
-66.9708
 30
0.0
 10
58.2667
 20
-66.8428
 30
0.0
 10
58.3699
 20
-66.7394
 30
0.0
 10
58.4878
 20
-66.5928
 30
0.0
 10
58.6205
 20
-66.4028
 30
0.0
 10
58.6854
 20
-66.3105
 30
0.0
 10
58.7537
 20
-66.2356
 30
0.0
 10
58.8118
 20
-66.1591
 30
0.0
 10
58.823
 20
-66.1443
 30
0.0
 10
58.8428
 20
-66.1391
 30
0.0
 10
58.8596
 20
-66.1465
 30
0.0
 10
59.0959
 20
-66.2501
 30
0.0
 10
59.2825
 20
-66.4309
 30
0.0
 10
59.4401
 20
-66.6298
 30
0.0
 10
59.4935
 20
-66.697
 30
0.0
 10
59.5215
 20
-66.7764
 30
0.0
 10
59.5755
 20
-66.8367
 30
0.0
 10
59.5899
 20
-66.8526
 30
0.0
 10
59.5899
 20
-66.8771
 30
0.0
 10
59.5751
 20
-66.8928
 30
0.0
 10
59.5453
 20
-66.9244
 30
0.0
 10
59.5083
 20
-66.9538
 30
0.0
 10
59.4641
 20
-66.9807
 30
0.0
 10
59.265
 20
-67.102
 30
0.0
 10
59.0986
 20
-67.2383
 30
0.0
 10
58.9647
 20
-67.3897
 30
0.0
 10
58.7658
 20
-67.6148
 30
0.0
 10
58.6304
 20
-67.7763
 30
0.0
 10
58.5589
 20
-67.8742
 30
0.0
 10
58.4779
 20
-67.985
 30
0.0
 10
58.3896
 20
-68.1483
 30
0.0
 10
58.2934
 20
-68.3642
 30
0.0
 10
58.2575
 20
-68.4449
 30
0.0
 10
58.2335
 20
-68.5626
 30
0.0
 10
58.1961
 20
-68.6736
 30
0.0
 10
58.1923
 20
-68.6853
 30
0.0
 10
58.1896
 20
-68.6972
 30
0.0
 10
58.1885
 20
-68.7093
 30
0.0
 10
58.1741
 20
-68.8568
 30
0.0
 10
58.1346
 20
-69.0104
 30
0.0
 10
58.1353
 20
-69.1611
 30
0.0
 10
58.1355
 20
-69.2445
 30
0.0
 10
58.1351
 20
-69.3371
 30
0.0
 10
58.134
 20
-69.4387
 30
0.0
 10
58.1322
 20
-69.5793
 30
0.0
 10
58.1696
 20
-69.7363
 30
0.0
 10
58.1828
 20
-69.8607
 30
0.0
 10
58.1954
 20
-69.9793
 30
0.0
 10
58.2342
 20
-70.0796
 30
0.0
 10
58.2629
 20
-70.202
 30
0.0
 10
58.3044
 20
-70.38
 30
0.0
 10
58.3813
 20
-70.5558
 30
0.0
 10
58.4414
 20
-70.7233
 30
0.0
 10
58.4443
 20
-70.7318
 30
0.0
 10
58.4537
 20
-70.7365
 30
0.0
 10
58.4625
 20
-70.7341
 30
0.0
  0
SPLINE
  5
76
330
1F
100
AcDbEntity
  8
Camada 1
 62
   250
100
AcDbSpline
210
0.0
220
0.0
230
1.0
 70
    11
 71
     3
 72
    38
 73
    34
 74
     0
 42
0.0000000001
 43
0.0000000001
 40
0.0
 40
0.0
 40
0.0
 40
0.0
 40
0.0909090909090909
 40
0.0909090909090909
 40
0.0909090909090909
 40
0.1818181818181818
 40
0.1818181818181818
 40
0.1818181818181818
 40
0.2727272727272727
 40
0.2727272727272727
 40
0.2727272727272727
 40
0.3636363636363636
 40
0.3636363636363636
 40
0.3636363636363636
 40
0.4545454545454546
 40
0.4545454545454546
 40
0.4545454545454546
 40
0.5454545454545454
 40
0.5454545454545454
 40
0.5454545454545454
 40
0.6363636363636364
 40
0.6363636363636364
 40
0.6363636363636364
 40
0.7272727272727273
 40
0.7272727272727273
 40
0.7272727272727273
 40
0.8181818181818182
 40
0.8181818181818182
 40
0.8181818181818182
 40
0.9090909090909092
 40
0.9090909090909092
 40
0.9090909090909092
 40
1.0
 40
1.0
 40
1.0
 40
1.0
 10
55.7582
 20
-66.9567
 30
0.0
 10
55.7329
 20
-66.9531
 30
0.0
 10
55.7201
 20
-66.9244
 30
0.0
 10
55.7342
 20
-66.9031
 30
0.0
 10
55.956
 20
-66.569
 30
0.0
 10
56.2217
 20
-66.2773
 30
0.0
 10
56.5404
 20
-66.0813
 30
0.0
 10
56.7117
 20
-65.9761
 30
0.0
 10
56.8794
 20
-65.9024
 30
0.0
 10
57.0433
 20
-65.8604
 30
0.0
 10
57.1951
 20
-65.8216
 30
0.0
 10
57.3622
 20
-65.7949
 30
0.0
 10
57.544
 20
-65.7804
 30
0.0
 10
57.6254
 20
-65.7739
 30
0.0
 10
57.6999
 20
-65.7754
 30
0.0
 10
57.7678
 20
-65.7851
 30
0.0
 10
57.9263
 20
-65.8073
 30
0.0
 10
58.0828
 20
-65.829
 30
0.0
 10
58.2373
 20
-65.8508
 30
0.0
 10
58.2441
 20
-65.8517
 30
0.0
 10
58.2494
 20
-65.8566
 30
0.0
 10
58.251
 20
-65.8633
 30
0.0
 10
58.2636
 20
-65.9129
 30
0.0
 10
58.2584
 20
-65.9564
 30
0.0
 10
58.2355
 20
-65.9941
 30
0.0
 10
58.1187
 20
-66.1858
 30
0.0
 10
58.0012
 20
-66.3338
 30
0.0
 10
57.8115
 20
-66.4896
 30
0.0
 10
57.3205
 20
-66.893
 30
0.0
 10
56.6937
 20
-67.1161
 30
0.0
 10
56.0603
 20
-67.0257
 30
0.0
 10
55.9479
 20
-67.0098
 30
0.0
 10
55.8605
 20
-66.9717
 30
0.0
 10
55.7582
 20
-66.9567
 30
0.0
  0
SPLINE
  5
77
330
1F
100
AcDbEntity
  8
Camada 1
 62
   250
100
AcDbSpline
210
0.0
220
0.0
230
1.0
 70
    11
 71
     3
 72
    38
 73
    34
 74
     0
 42
0.0000000001
 43
0.0000000001
 40
0.0
 40
0.0
 40
0.0
 40
0.0
 40
0.0909090909090909
 40
0.0909090909090909
 40
0.0909090909090909
 40
0.1818181818181818
 40
0.1818181818181818
 40
0.1818181818181818
 40
0.2727272727272727
 40
0.2727272727272727
 40
0.2727272727272727
 40
0.3636363636363636
 40
0.3636363636363636
 40
0.3636363636363636
 40
0.4545454545454546
 40
0.4545454545454546
 40
0.4545454545454546
 40
0.5454545454545454
 40
0.5454545454545454
 40
0.5454545454545454
 40
0.6363636363636364
 40
0.6363636363636364
 40
0.6363636363636364
 40
0.7272727272727273
 40
0.7272727272727273
 40
0.7272727272727273
 40
0.8181818181818182
 40
0.8181818181818182
 40
0.8181818181818182
 40
0.9090909090909092
 40
0.9090909090909092
 40
0.9090909090909092
 40
1.0
 40
1.0
 40
1.0
 40
1.0
 10
57.9927
 20
-65.9806
 30
0.0
 10
57.9492
 20
-65.966
 30
0.0
 10
57.8936
 20
-65.9696
 30
0.0
 10
57.8561
 20
-65.9683
 30
0.0
 10
57.5198
 20
-65.9544
 30
0.0
 10
57.1962
 20
-66.0019
 30
0.0
 10
56.8857
 20
-66.1109
 30
0.0
 10
56.7238
 20
-66.1676
 30
0.0
 10
56.5747
 20
-66.2506
 30
0.0
 10
56.4518
 20
-66.3344
 30
0.0
 10
56.3841
 20
-66.3804
 30
0.0
 10
56.2899
 20
-66.4645
 30
0.0
 10
56.169
 20
-66.5867
 30
0.0
 10
56.0876
 20
-66.669
 30
0.0
 10
56.0506
 20
-66.739
 30
0.0
 10
55.995
 20
-66.8401
 30
0.0
 10
55.9878
 20
-66.8533
 30
0.0
 10
55.9961
 20
-66.8695
 30
0.0
 10
56.0109
 20
-66.8715
 30
0.0
 10
56.0428
 20
-66.8757
 30
0.0
 10
56.0771
 20
-66.8744
 30
0.0
 10
56.1139
 20
-66.8674
 30
0.0
 10
56.1192
 20
-66.8663
 30
0.0
 10
56.1246
 20
-66.8659
 30
0.0
 10
56.13
 20
-66.8659
 30
0.0
 10
56.5379
 20
-66.8686
 30
0.0
 10
56.9693
 20
-66.8038
 30
0.0
 10
57.3377
 20
-66.6262
 30
0.0
 10
57.6196
 20
-66.4903
 30
0.0
 10
57.8425
 20
-66.2878
 30
0.0
 10
58.0064
 20
-66.0185
 30
0.0
 10
58.0149
 20
-66.0044
 30
0.0
 10
58.0084
 20
-65.986
 30
0.0
 10
57.9927
 20
-65.9806
 30
0.0
  0
SPLINE
  5
78
330
1F
100
AcDbEntity
  8
Camada 1
 62
   250
100
AcDbSpline
210
0.0
220
0.0
230
1.0
 70
    11
 71
     3
 72
    59
 73
    55
 74
     0
 42
0.0000000001
 43
0.0000000001
 40
0.0
 40
0.0
 40
0.0
 40
0.0
 40
0.0555555555555556
 40
0.0555555555555556
 40
0.0555555555555556
 40
0.1111111111111111
 40
0.1111111111111111
 40
0.1111111111111111
 40
0.1666666666666667
 40
0.1666666666666667
 40
0.1666666666666667
 40
0.2222222222222222
 40
0.2222222222222222
 40
0.2222222222222222
 40
0.2777777777777778
 40
0.2777777777777778
 40
0.2777777777777778
 40
0.3333333333333333
 40
0.3333333333333333
 40
0.3333333333333333
 40
0.3888888888888888
 40
0.3888888888888888
 40
0.3888888888888888
 40
0.4444444444444444
 40
0.4444444444444444
 40
0.4444444444444444
 40
0.5
 40
0.5
 40
0.5
 40
0.5555555555555556
 40
0.5555555555555556
 40
0.5555555555555556
 40
0.611111111111111
 40
0.611111111111111
 40
0.611111111111111
 40
0.6666666666666666
 40
0.6666666666666666
 40
0.6666666666666666
 40
0.7222222222222222
 40
0.7222222222222222
 40
0.7222222222222222
 40
0.7777777777777777
 40
0.7777777777777777
 40
0.7777777777777777
 40
0.8333333333333333
 40
0.8333333333333333
 40
0.8333333333333333
 40
0.8888888888888888
 40
0.8888888888888888
 40
0.8888888888888888
 40
0.9444444444444444
 40
0.9444444444444444
 40
0.9444444444444444
 40
1.0
 40
1.0
 40
1.0
 40
1.0
 10
66.1305
 20
-67.0029
 30
0.0
 10
66.1251
 20
-67.0051
 30
0.0
 10
66.1164
 20
-67.0065
 30
0.0
 10
66.1043
 20
-67.0069
 30
0.0
 10
65.9782
 20
-67.0123
 30
0.0
 10
65.7818
 20
-67.0136
 30
0.0
 10
65.515
 20
-67.011
 30
0.0
 10
65.404
 20
-67.0098
 30
0.0
 10
65.3038
 20
-66.9997
 30
0.0
 10
65.2147
 20
-66.9809
 30
0.0
 10
65.2071
 20
-66.9793
 30
0.0
 10
65.1046
 20
-66.9603
 30
0.0
 10
64.9073
 20
-66.9237
 30
0.0
 10
64.8551
 20
-66.9141
 30
0.0
 10
64.7344
 20
-66.8737
 30
0.0
 10
64.5454
 20
-66.8031
 30
0.0
 10
64.4039
 20
-66.7502
 30
0.0
 10
64.2546
 20
-66.6625
 30
0.0
 10
64.0969
 20
-66.5398
 30
0.0
 10
63.8837
 20
-66.3739
 30
0.0
 10
63.72
 20
-66.1676
 30
0.0
 10
63.6054
 20
-65.9212
 30
0.0
 10
63.5949
 20
-65.8985
 30
0.0
 10
63.5947
 20
-65.8757
 30
0.0
 10
63.6052
 20
-65.8521
 30
0.0
 10
63.6083
 20
-65.8452
 30
0.0
 10
63.6153
 20
-65.8409
 30
0.0
 10
63.6229
 20
-65.8411
 30
0.0
 10
63.6229
 20
-65.8411
 30
0.0
 10
63.6902
 20
-65.8427
 30
0.0
 10
63.6902
 20
-65.8427
 30
0.0
 10
63.6998
 20
-65.8429
 30
0.0
 10
63.7095
 20
-65.842
 30
0.0
 10
63.7191
 20
-65.8405
 30
0.0
 10
63.8034
 20
-65.8263
 30
0.0
 10
63.9055
 20
-65.8008
 30
0.0
 10
64.0061
 20
-65.8012
 30
0.0
 10
64.2588
 20
-65.8028
 30
0.0
 10
64.4028
 20
-65.7889
 30
0.0
 10
64.5799
 20
-65.8286
 30
0.0
 10
64.6797
 20
-65.851
 30
0.0
 10
64.7676
 20
-65.8584
 30
0.0
 10
64.8786
 20
-65.8938
 30
0.0
 10
65.115
 20
-65.9692
 30
0.0
 10
65.3228
 20
-66.0694
 30
0.0
 10
65.502
 20
-66.1945
 30
0.0
 10
65.7444
 20
-66.3638
 30
0.0
 10
65.9119
 20
-66.554
 30
0.0
 10
66.0639
 20
-66.8
 30
0.0
 10
66.0946
 20
-66.8495
 30
0.0
 10
66.1218
 20
-66.906
 30
0.0
 10
66.1455
 20
-66.9695
 30
0.0
 10
66.1505
 20
-66.9827
 30
0.0
 10
66.1437
 20
-66.9977
 30
0.0
 10
66.1305
 20
-67.0029
 30
0.0
  0
SPLINE
  5
79
330
1F
100
AcDbEntity
  8
Camada 1
 62
   250
100
AcDbSpline
210
0.0
220
0.0
230
1.0
 70
    11
 71
     3
 72
    47
 73
    43
 74
     0
 42
0.0000000001
 43
0.0000000001
 40
0.0
 40
0.0
 40
0.0
 40
0.0
 40
0.0714285714285714
 40
0.0714285714285714
 40
0.0714285714285714
 40
0.1428571428571428
 40
0.1428571428571428
 40
0.1428571428571428
 40
0.2142857142857143
 40
0.2142857142857143
 40
0.2142857142857143
 40
0.2857142857142857
 40
0.2857142857142857
 40
0.2857142857142857
 40
0.3571428571428571
 40
0.3571428571428571
 40
0.3571428571428571
 40
0.4285714285714285
 40
0.4285714285714285
 40
0.4285714285714285
 40
0.5
 40
0.5
 40
0.5
 40
0.5714285714285714
 40
0.5714285714285714
 40
0.5714285714285714
 40
0.6428571428571428
 40
0.6428571428571428
 40
0.6428571428571428
 40
0.7142857142857142
 40
0.7142857142857142
 40
0.7142857142857142
 40
0.7857142857142857
 40
0.7857142857142857
 40
0.7857142857142857
 40
0.8571428571428571
 40
0.8571428571428571
 40
0.8571428571428571
 40
0.9285714285714285
 40
0.9285714285714285
 40
0.9285714285714285
 40
1.0
 40
1.0
 40
1.0
 40
1.0
 10
65.8583
 20
-66.8356
 30
0.0
 10
65.8101
 20
-66.7109
 30
0.0
 10
65.7159
 20
-66.6096
 30
0.0
 10
65.6101
 20
-66.5051
 30
0.0
 10
65.5074
 20
-66.404
 30
0.0
 10
65.3876
 20
-66.3172
 30
0.0
 10
65.2508
 20
-66.2445
 30
0.0
 10
65.0665
 20
-66.1465
 30
0.0
 10
64.8851
 20
-66.0795
 30
0.0
 10
64.7069
 20
-66.0436
 30
0.0
 10
64.4994
 20
-66.0019
 30
0.0
 10
64.3842
 20
-65.9732
 30
0.0
 10
64.2048
 20
-65.9689
 30
0.0
 10
64.1362
 20
-65.9672
 30
0.0
 10
64.0243
 20
-65.9613
 30
0.0
 10
63.8691
 20
-65.9517
 30
0.0
 10
63.8501
 20
-65.9506
 30
0.0
 10
63.8377
 20
-65.9712
 30
0.0
 10
63.8476
 20
-65.9876
 30
0.0
 10
63.8476
 20
-65.9876
 30
0.0
 10
63.9743
 20
-66.1948
 30
0.0
 10
63.9743
 20
-66.1948
 30
0.0
 10
63.9756
 20
-66.1968
 30
0.0
 10
63.977
 20
-66.1988
 30
0.0
 10
63.9786
 20
-66.2004
 30
0.0
 10
64.07
 20
-66.3019
 30
0.0
 10
64.1286
 20
-66.3629
 30
0.0
 10
64.1539
 20
-66.3833
 30
0.0
 10
64.4223
 20
-66.5997
 30
0.0
 10
64.7286
 20
-66.747
 30
0.0
 10
65.0724
 20
-66.8248
 30
0.0
 10
65.1466
 20
-66.8417
 30
0.0
 10
65.2237
 20
-66.8401
 30
0.0
 10
65.2881
 20
-66.8484
 30
0.0
 10
65.3329
 20
-66.8542
 30
0.0
 10
65.3872
 20
-66.8565
 30
0.0
 10
65.4511
 20
-66.8549
 30
0.0
 10
65.5948
 20
-66.8515
 30
0.0
 10
65.7226
 20
-66.8556
 30
0.0
 10
65.8347
 20
-66.8668
 30
0.0
 10
65.8518
 20
-66.8683
 30
0.0
 10
65.8646
 20
-66.8515
 30
0.0
 10
65.8583
 20
-66.8356
 30
0.0
  0
SPLINE
  5
7A
330
1F
100
AcDbEntity
  8
Camada 1
 62
   250
100
AcDbSpline
210
0.0
220
0.0
230
1.0
 70
    11
 71
     3
 72
    65
 73
    61
 74
     0
 42
0.0000000001
 43
0.0000000001
 40
0.0
 40
0.0
 40
0.0
 40
0.0
 40
0.05
 40
0.05
 40
0.05
 40
0.1
 40
0.1
 40
0.1
 40
0.15
 40
0.15
 40
0.15
 40
0.2
 40
0.2
 40
0.2
 40
0.25
 40
0.25
 40
0.25
 40
0.3
 40
0.3
 40
0.3
 40
0.35
 40
0.35
 40
0.35
 40
0.4
 40
0.4
 40
0.4
 40
0.45
 40
0.45
 40
0.45
 40
0.5
 40
0.5
 40
0.5
 40
0.55
 40
0.55
 40
0.55
 40
0.6000000000000001
 40
0.6000000000000001
 40
0.6000000000000001
 40
0.65
 40
0.65
 40
0.65
 40
0.7000000000000001
 40
0.7000000000000001
 40
0.7000000000000001
 40
0.75
 40
0.75
 40
0.75
 40
0.8
 40
0.8
 40
0.8
 40
0.8500000000000001
 40
0.8500000000000001
 40
0.8500000000000001
 40
0.9
 40
0.9
 40
0.9
 40
0.9500000000000001
 40
0.9500000000000001
 40
0.9500000000000001
 40
1.0
 40
1.0
 40
1.0
 40
1.0
 10
58.7228
 20
-69.9802
 30
0.0
 10
58.7223
 20
-69.9789
 30
0.0
 10
58.7217
 20
-69.9468
 30
0.0
 10
58.721
 20
-69.8838
 30
0.0
 10
58.7208
 20
-69.867
 30
0.0
 10
58.7176
 20
-69.8349
 30
0.0
 10
58.7118
 20
-69.7872
 30
0.0
 10
58.673
 20
-69.4699
 30
0.0
 10
58.6524
 20
-69.2977
 30
0.0
 10
58.6495
 20
-69.2703
 30
0.0
 10
58.6416
 20
-69.1932
 30
0.0
 10
58.6484
 20
-69.0974
 30
0.0
 10
58.6694
 20
-68.9831
 30
0.0
 10
58.732
 20
-68.6447
 30
0.0
 10
58.8717
 20
-68.3397
 30
0.0
 10
59.0885
 20
-68.0678
 30
0.0
 10
59.1944
 20
-67.9352
 30
0.0
 10
59.3262
 20
-67.7991
 30
0.0
 10
59.4841
 20
-67.6594
 30
0.0
 10
59.5767
 20
-67.5776
 30
0.0
 10
59.7101
 20
-67.5096
 30
0.0
 10
59.7957
 20
-67.4466
 30
0.0
 10
59.8009
 20
-67.4428
 30
0.0
 10
59.807
 20
-67.4406
 30
0.0
 10
59.8135
 20
-67.4404
 30
0.0
 10
59.8473
 20
-67.4386
 30
0.0
 10
59.8646
 20
-67.4561
 30
0.0
 10
59.8653
 20
-67.4928
 30
0.0
 10
59.8675
 20
-67.5854
 30
0.0
 10
59.8778
 20
-67.6742
 30
0.0
 10
59.8962
 20
-67.7594
 30
0.0
 10
59.8987
 20
-67.7702
 30
0.0
 10
59.8998
 20
-67.781
 30
0.0
 10
59.8998
 20
-67.792
 30
0.0
 10
59.8998
 20
-67.792
 30
0.0
 10
59.8982
 20
-68.2678
 30
0.0
 10
59.8982
 20
-68.2678
 30
0.0
 10
59.8982
 20
-68.2772
 30
0.0
 10
59.8969
 20
-68.2866
 30
0.0
 10
59.8942
 20
-68.2958
 30
0.0
 10
59.8895
 20
-68.3126
 30
0.0
 10
59.8704
 20
-68.4153
 30
0.0
 10
59.8375
 20
-68.6043
 30
0.0
 10
59.8135
 20
-68.7411
 30
0.0
 10
59.7787
 20
-68.816
 30
0.0
 10
59.7247
 20
-68.9615
 30
0.0
 10
59.6989
 20
-69.0313
 30
0.0
 10
59.6717
 20
-69.0887
 30
0.0
 10
59.6437
 20
-69.1342
 30
0.0
 10
59.6009
 20
-69.2033
 30
0.0
 10
59.5603
 20
-69.2914
 30
0.0
 10
59.4975
 20
-69.3775
 30
0.0
 10
59.3314
 20
-69.6064
 30
0.0
 10
59.1257
 20
-69.7919
 30
0.0
 10
58.8807
 20
-69.934
 30
0.0
 10
58.8351
 20
-69.9603
 30
0.0
 10
58.7919
 20
-69.9802
 30
0.0
 10
58.7506
 20
-69.9939
 30
0.0
 10
58.7392
 20
-69.9977
 30
0.0
 10
58.7268
 20
-69.9917
 30
0.0
 10
58.7228
 20
-69.9802
 30
0.0
  0
SPLINE
  5
7B
330
1F
100
AcDbEntity
  8
Camada 1
 62
   250
100
AcDbSpline
210
0.0
220
0.0
230
1.0
 70
    11
 71
     3
 72
    38
 73
    34
 74
     0
 42
0.0000000001
 43
0.0000000001
 40
0.0
 40
0.0
 40
0.0
 40
0.0
 40
0.0909090909090909
 40
0.0909090909090909
 40
0.0909090909090909
 40
0.1818181818181818
 40
0.1818181818181818
 40
0.1818181818181818
 40
0.2727272727272727
 40
0.2727272727272727
 40
0.2727272727272727
 40
0.3636363636363636
 40
0.3636363636363636
 40
0.3636363636363636
 40
0.4545454545454546
 40
0.4545454545454546
 40
0.4545454545454546
 40
0.5454545454545454
 40
0.5454545454545454
 40
0.5454545454545454
 40
0.6363636363636364
 40
0.6363636363636364
 40
0.6363636363636364
 40
0.7272727272727273
 40
0.7272727272727273
 40
0.7272727272727273
 40
0.8181818181818182
 40
0.8181818181818182
 40
0.8181818181818182
 40
0.9090909090909092
 40
0.9090909090909092
 40
0.9090909090909092
 40
1.0
 40
1.0
 40
1.0
 40
1.0
 10
58.8845
 20
-69.7215
 30
0.0
 10
58.8874
 20
-69.7212
 30
0.0
 10
58.8903
 20
-69.7201
 30
0.0
 10
58.8934
 20
-69.7181
 30
0.0
 10
59.2347
 20
-69.5031
 30
0.0
 10
59.4767
 20
-69.2082
 30
0.0
 10
59.6195
 20
-68.8331
 30
0.0
 10
59.6511
 20
-68.7499
 30
0.0
 10
59.6677
 20
-68.6501
 30
0.0
 10
59.6928
 20
-68.5635
 30
0.0
 10
59.7119
 20
-68.498
 30
0.0
 10
59.7251
 20
-68.4297
 30
0.0
 10
59.733
 20
-68.3581
 30
0.0
 10
59.7547
 20
-68.1595
 30
0.0
 10
59.7628
 20
-67.9532
 30
0.0
 10
59.7576
 20
-67.7395
 30
0.0
 10
59.7572
 20
-67.7227
 30
0.0
 10
59.741
 20
-67.7108
 30
0.0
 10
59.7249
 20
-67.7157
 30
0.0
 10
59.6448
 20
-67.7397
 30
0.0
 10
59.5704
 20
-67.7792
 30
0.0
 10
59.5016
 20
-67.8341
 30
0.0
 10
59.3475
 20
-67.9572
 30
0.0
 10
59.2237
 20
-68.1101
 30
0.0
 10
59.1302
 20
-68.2929
 30
0.0
 10
58.9654
 20
-68.6147
 30
0.0
 10
58.865
 20
-68.9802
 30
0.0
 10
58.858
 20
-69.3436
 30
0.0
 10
58.8555
 20
-69.4779
 30
0.0
 10
58.8571
 20
-69.5977
 30
0.0
 10
58.8632
 20
-69.7031
 30
0.0
 10
58.8638
 20
-69.7141
 30
0.0
 10
58.8735
 20
-69.7224
 30
0.0
 10
58.8845
 20
-69.7215
 30
0.0
  0
SPLINE
  5
7C
330
1F
100
AcDbEntity
  8
Camada 1
 62
   250
100
AcDbSpline
210
0.0
220
0.0
230
1.0
 70
    11
 71
     3
 72
    32
 73
    28
 74
     0
 42
0.0000000001
 43
0.0000000001
 40
0.0
 40
0.0
 40
0.0
 40
0.0
 40
0.1111111111111111
 40
0.1111111111111111
 40
0.1111111111111111
 40
0.2222222222222222
 40
0.2222222222222222
 40
0.2222222222222222
 40
0.3333333333333333
 40
0.3333333333333333
 40
0.3333333333333333
 40
0.4444444444444444
 40
0.4444444444444444
 40
0.4444444444444444
 40
0.5555555555555556
 40
0.5555555555555556
 40
0.5555555555555556
 40
0.6666666666666666
 40
0.6666666666666666
 40
0.6666666666666666
 40
0.7777777777777777
 40
0.7777777777777777
 40
0.7777777777777777
 40
0.8888888888888888
 40
0.8888888888888888
 40
0.8888888888888888
 40
1.0
 40
1.0
 40
1.0
 40
1.0
 10
63.122
 20
-69.9217
 30
0.0
 10
63.1036
 20
-69.9939
 30
0.0
 10
63.0108
 20
-69.9457
 30
0.0
 10
62.9724
 20
-69.9239
 30
0.0
 10
62.7347
 20
-69.7898
 30
0.0
 10
62.5484
 20
-69.6091
 30
0.0
 10
62.374
 20
-69.3914
 30
0.0
 10
62.1993
 20
-69.1734
 30
0.0
 10
62.0764
 20
-68.9169
 30
0.0
 10
62.0053
 20
-68.6218
 30
0.0
 10
61.9315
 20
-68.3167
 30
0.0
 10
61.9239
 20
-67.9803
 30
0.0
 10
61.982
 20
-67.6123
 30
0.0
 10
61.9901
 20
-67.5621
 30
0.0
 10
61.9836
 20
-67.5132
 30
0.0
 10
61.993
 20
-67.472
 30
0.0
 10
61.9984
 20
-67.4486
 30
0.0
 10
62.0237
 20
-67.4361
 30
0.0
 10
62.0455
 20
-67.4462
 30
0.0
 10
62.5235
 20
-67.6697
 30
0.0
 10
62.8424
 20
-68.0814
 30
0.0
 10
63.0321
 20
-68.5626
 30
0.0
 10
63.1213
 20
-68.7891
 30
0.0
 10
63.1702
 20
-68.9981
 30
0.0
 10
63.1789
 20
-69.1898
 30
0.0
 10
63.1906
 20
-69.4468
 30
0.0
 10
63.1843
 20
-69.6771
 30
0.0
 10
63.122
 20
-69.9217
 30
0.0
  0
SPLINE
  5
7D
330
1F
100
AcDbEntity
  8
Camada 1
 62
   250
100
AcDbSpline
210
0.0
220
0.0
230
1.0
 70
    11
 71
     3
 72
    44
 73
    40
 74
     0
 42
0.0000000001
 43
0.0000000001
 40
0.0
 40
0.0
 40
0.0
 40
0.0
 40
0.0769230769230769
 40
0.0769230769230769
 40
0.0769230769230769
 40
0.1538461538461539
 40
0.1538461538461539
 40
0.1538461538461539
 40
0.2307692307692308
 40
0.2307692307692308
 40
0.2307692307692308
 40
0.3076923076923077
 40
0.3076923076923077
 40
0.3076923076923077
 40
0.3846153846153846
 40
0.3846153846153846
 40
0.3846153846153846
 40
0.4615384615384616
 40
0.4615384615384616
 40
0.4615384615384616
 40
0.5384615384615385
 40
0.5384615384615385
 40
0.5384615384615385
 40
0.6153846153846154
 40
0.6153846153846154
 40
0.6153846153846154
 40
0.6923076923076923
 40
0.6923076923076923
 40
0.6923076923076923
 40
0.7692307692307693
 40
0.7692307692307693
 40
0.7692307692307693
 40
0.8461538461538463
 40
0.8461538461538463
 40
0.8461538461538463
 40
0.9230769230769231
 40
0.9230769230769231
 40
0.9230769230769231
 40
1.0
 40
1.0
 40
1.0
 40
1.0
 10
62.1168
 20
-67.7103
 30
0.0
 10
62.1134
 20
-67.715
 30
0.0
 10
62.1118
 20
-67.7213
 30
0.0
 10
62.1121
 20
-67.7289
 30
0.0
 10
62.1141
 20
-67.8536
 30
0.0
 10
62.1159
 20
-67.9543
 30
0.0
 10
62.1172
 20
-68.031
 30
0.0
 10
62.1235
 20
-68.4043
 30
0.0
 10
62.2076
 20
-68.7532
 30
0.0
 10
62.3692
 20
-69.0777
 30
0.0
 10
62.4383
 20
-69.216
 30
0.0
 10
62.5224
 20
-69.3284
 30
0.0
 10
62.6193
 20
-69.4387
 30
0.0
 10
62.7137
 20
-69.5466
 30
0.0
 10
62.8258
 20
-69.6327
 30
0.0
 10
62.9552
 20
-69.697
 30
0.0
 10
62.9596
 20
-69.6995
 30
0.0
 10
62.9646
 20
-69.7006
 30
0.0
 10
62.9697
 20
-69.7008
 30
0.0
 10
63.0031
 20
-69.7019
 30
0.0
 10
63.0193
 20
-69.6885
 30
0.0
 10
63.0179
 20
-69.6605
 30
0.0
 10
63.0114
 20
-69.5149
 30
0.0
 10
63.0079
 20
-69.4084
 30
0.0
 10
63.0117
 20
-69.26
 30
0.0
 10
63.0139
 20
-69.1777
 30
0.0
 10
63.0119
 20
-69.1187
 30
0.0
 10
63.0056
 20
-69.0826
 30
0.0
 10
62.9821
 20
-68.9499
 30
0.0
 10
62.9682
 20
-68.8429
 30
0.0
 10
62.9285
 20
-68.7205
 30
0.0
 10
62.8749
 20
-68.5559
 30
0.0
 10
62.7953
 20
-68.3864
 30
0.0
 10
62.6897
 20
-68.2122
 30
0.0
 10
62.5522
 20
-67.9859
 30
0.0
 10
62.3695
 20
-67.8168
 30
0.0
 10
62.1414
 20
-67.7049
 30
0.0
 10
62.1311
 20
-67.6998
 30
0.0
 10
62.1228
 20
-67.7016
 30
0.0
 10
62.1168
 20
-67.7103
 30
0.0
  0
SPLINE
  5
7E
330
1F
100
AcDbEntity
  8
Camada 1
 62
   250
100
AcDbSpline
210
0.0
220
0.0
230
1.0
 70
    11
 71
     3
 72
    56
 73
    52
 74
     0
 42
0.0000000001
 43
0.0000000001
 40
0.0
 40
0.0
 40
0.0
 40
0.0
 40
0.0588235294117647
 40
0.0588235294117647
 40
0.0588235294117647
 40
0.1176470588235294
 40
0.1176470588235294
 40
0.1176470588235294
 40
0.1764705882352941
 40
0.1764705882352941
 40
0.1764705882352941
 40
0.2352941176470588
 40
0.2352941176470588
 40
0.2352941176470588
 40
0.2941176470588235
 40
0.2941176470588235
 40
0.2941176470588235
 40
0.3529411764705882
 40
0.3529411764705882
 40
0.3529411764705882
 40
0.4117647058823529
 40
0.4117647058823529
 40
0.4117647058823529
 40
0.4705882352941176
 40
0.4705882352941176
 40
0.4705882352941176
 40
0.5294117647058824
 40
0.5294117647058824
 40
0.5294117647058824
 40
0.5882352941176471
 40
0.5882352941176471
 40
0.5882352941176471
 40
0.6470588235294118
 40
0.6470588235294118
 40
0.6470588235294118
 40
0.7058823529411764
 40
0.7058823529411764
 40
0.7058823529411764
 40
0.7647058823529411
 40
0.7647058823529411
 40
0.7647058823529411
 40
0.8235294117647058
 40
0.8235294117647058
 40
0.8235294117647058
 40
0.8823529411764706
 40
0.8823529411764706
 40
0.8823529411764706
 40
0.9411764705882353
 40
0.9411764705882353
 40
0.9411764705882353
 40
1.0
 40
1.0
 40
1.0
 40
1.0
 10
59.9153
 20
-45.415
 30
0.0
 10
59.9153
 20
-45.415
 30
0.0
 10
60.0893
 20
-46.0903
 30
0.0
 10
60.0893
 20
-46.0903
 30
0.0
 10
60.3608
 20
-46.0276
 30
0.0
 10
60.869
 20
-45.951
 30
0.0
 10
61.1823
 20
-45.951
 30
0.0
 10
61.4746
 20
-45.951
 30
0.0
 10
61.8366
 20
-46.0206
 30
0.0
 10
61.8366
 20
-46.5497
 30
0.0
 10
61.8366
 20
-46.5497
 30
0.0
 10
61.8366
 20
-46.6541
 30
0.0
 10
61.8366
 20
-46.6541
 30
0.0
 10
61.6069
 20
-46.6263
 30
0.0
 10
61.3285
 20
-46.6054
 30
0.0
 10
61.0848
 20
-46.6054
 30
0.0
 10
60.2564
 20
-46.6054
 30
0.0
 10
59.5881
 20
-46.9813
 30
0.0
 10
59.5881
 20
-47.761
 30
0.0
 10
59.5881
 20
-48.5268
 30
0.0
 10
60.2355
 20
-48.9375
 30
0.0
 10
60.8968
 20
-48.9375
 30
0.0
 10
61.3981
 20
-48.9375
 30
0.0
 10
61.8227
 20
-48.673
 30
0.0
 10
62.0246
 20
-48.3179
 30
0.0
 10
62.0246
 20
-48.3179
 30
0.0
 10
62.0246
 20
-48.3945
 30
0.0
 10
62.0246
 20
-48.3945
 30
0.0
 10
62.0246
 20
-48.7913
 30
0.0
 10
62.4075
 20
-48.8679
 30
0.0
 10
62.6372
 20
-48.8679
 30
0.0
 10
62.8948
 20
-48.8679
 30
0.0
 10
63.1872
 20
-48.7704
 30
0.0
 10
63.215
 20
-48.7496
 30
0.0
 10
63.215
 20
-48.7496
 30
0.0
 10
63.215
 20
-47.9908
 30
0.0
 10
63.215
 20
-47.9908
 30
0.0
 10
63.0688
 20
-48.0047
 30
0.0
 10
62.9505
 20
-48.0116
 30
0.0
 10
62.8948
 20
-48.0116
 30
0.0
 10
62.7904
 20
-48.0116
 30
0.0
 10
62.7416
 20
-47.9838
 30
0.0
 10
62.7416
 20
-47.8863
 30
0.0
 10
62.7416
 20
-47.8863
 30
0.0
 10
62.7416
 20
-46.3826
 30
0.0
 10
62.7416
 20
-46.3826
 30
0.0
 10
62.7416
 20
-45.596
 30
0.0
 10
62.2334
 20
-45.1783
 30
0.0
 10
61.3354
 20
-45.1783
 30
0.0
 10
60.8481
 20
-45.1783
 30
0.0
 10
60.2425
 20
-45.3036
 30
0.0
 10
59.9153
 20
-45.415
 30
0.0
  0
SPLINE
  5
7F
330
1F
100
AcDbEntity
  8
Camada 1
 62
   250
100
AcDbSpline
210
0.0
220
0.0
230
1.0
 70
    11
 71
     3
 72
    20
 73
    16
 74
     0
 42
0.0000000001
 43
0.0000000001
 40
0.0
 40
0.0
 40
0.0
 40
0.0
 40
0.2
 40
0.2
 40
0.2
 40
0.4
 40
0.4
 40
0.4
 40
0.6000000000000001
 40
0.6000000000000001
 40
0.6000000000000001
 40
0.8
 40
0.8
 40
0.8
 40
1.0
 40
1.0
 40
1.0
 40
1.0
 10
61.8366
 20
-47.2737
 30
0.0
 10
61.8366
 20
-47.2737
 30
0.0
 10
61.8366
 20
-47.6357
 30
0.0
 10
61.8366
 20
-47.6357
 30
0.0
 10
61.8366
 20
-47.9699
 30
0.0
 10
61.419
 20
-48.2205
 30
0.0
 10
61.057
 20
-48.2205
 30
0.0
 10
60.7437
 20
-48.2205
 30
0.0
 10
60.4652
 20
-48.0395
 30
0.0
 10
60.4652
 20
-47.7193
 30
0.0
 10
60.4652
 20
-47.2946
 30
0.0
 10
60.9456
 20
-47.218
 30
0.0
 10
61.2588
 20
-47.218
 30
0.0
 10
61.4468
 20
-47.218
 30
0.0
 10
61.6556
 20
-47.2459
 30
0.0
 10
61.8366
 20
-47.2737
 30
0.0
  0
SPLINE
  5
80
330
1F
100
AcDbEntity
  8
Camada 1
 62
   250
100
AcDbSpline
210
0.0
220
0.0
230
1.0
 70
    11
 71
     3
 72
    32
 73
    28
 74
     0
 42
0.0000000001
 43
0.0000000001
 40
0.0
 40
0.0
 40
0.0
 40
0.0
 40
0.1111111111111111
 40
0.1111111111111111
 40
0.1111111111111111
 40
0.2222222222222222
 40
0.2222222222222222
 40
0.2222222222222222
 40
0.3333333333333333
 40
0.3333333333333333
 40
0.3333333333333333
 40
0.4444444444444444
 40
0.4444444444444444
 40
0.4444444444444444
 40
0.5555555555555556
 40
0.5555555555555556
 40
0.5555555555555556
 40
0.6666666666666666
 40
0.6666666666666666
 40
0.6666666666666666
 40
0.7777777777777777
 40
0.7777777777777777
 40
0.7777777777777777
 40
0.8888888888888888
 40
0.8888888888888888
 40
0.8888888888888888
 40
1.0
 40
1.0
 40
1.0
 40
1.0
 10
63.758
 20
-43.7721
 30
0.0
 10
63.758
 20
-43.7721
 30
0.0
 10
63.758
 20
-48.8679
 30
0.0
 10
63.758
 20
-48.8679
 30
0.0
 10
63.758
 20
-48.8679
 30
0.0
 10
64.5029
 20
-48.8679
 30
0.0
 10
64.5029
 20
-48.8679
 30
0.0
 10
64.5029
 20
-48.8679
 30
0.0
 10
64.6212
 20
-48.4084
 30
0.0
 10
64.6212
 20
-48.4084
 30
0.0
 10
64.8719
 20
-48.7913
 30
0.0
 10
65.2895
 20
-48.9375
 30
0.0
 10
65.7142
 20
-48.9375
 30
0.0
 10
66.7584
 20
-48.9375
 30
0.0
 10
67.4337
 20
-48.0464
 30
0.0
 10
67.4337
 20
-47.0509
 30
0.0
 10
67.4337
 20
-46.0694
 30
0.0
 10
66.7723
 20
-45.1783
 30
0.0
 10
65.7699
 20
-45.1783
 30
0.0
 10
65.3035
 20
-45.1783
 30
0.0
 10
64.9206
 20
-45.3106
 30
0.0
 10
64.6909
 20
-45.6099
 30
0.0
 10
64.6909
 20
-45.6099
 30
0.0
 10
64.6909
 20
-43.7721
 30
0.0
 10
64.6909
 20
-43.7721
 30
0.0
 10
64.6909
 20
-43.7721
 30
0.0
 10
63.758
 20
-43.7721
 30
0.0
 10
63.758
 20
-43.7721
 30
0.0
  0
SPLINE
  5
81
330
1F
100
AcDbEntity
  8
Camada 1
 62
   250
100
AcDbSpline
210
0.0
220
0.0
230
1.0
 70
    11
 71
     3
 72
    17
 73
    13
 74
     0
 42
0.0000000001
 43
0.0000000001
 40
0.0
 40
0.0
 40
0.0
 40
0.0
 40
0.25
 40
0.25
 40
0.25
 40
0.5
 40
0.5
 40
0.5
 40
0.75
 40
0.75
 40
0.75
 40
1.0
 40
1.0
 40
1.0
 40
1.0
 10
65.5541
 20
-46.0137
 30
0.0
 10
66.0971
 20
-46.0137
 30
0.0
 10
66.4869
 20
-46.4035
 30
0.0
 10
66.4869
 20
-47.0509
 30
0.0
 10
66.4869
 20
-47.7123
 30
0.0
 10
66.0832
 20
-48.1021
 30
0.0
 10
65.5471
 20
-48.1021
 30
0.0
 10
64.9554
 20
-48.1021
 30
0.0
 10
64.5864
 20
-47.6288
 30
0.0
 10
64.5864
 20
-47.0579
 30
0.0
 10
64.5864
 20
-46.4871
 30
0.0
 10
64.9554
 20
-46.0137
 30
0.0
 10
65.5541
 20
-46.0137
 30
0.0
  0
SPLINE
  5
82
330
1F
100
AcDbEntity
  8
Camada 1
 62
   250
100
AcDbSpline
210
0.0
220
0.0
230
1.0
 70
    11
 71
     3
 72
    41
 73
    37
 74
     0
 42
0.0000000001
 43
0.0000000001
 40
0.0
 40
0.0
 40
0.0
 40
0.0
 40
0.0833333333333333
 40
0.0833333333333333
 40
0.0833333333333333
 40
0.1666666666666667
 40
0.1666666666666667
 40
0.1666666666666667
 40
0.25
 40
0.25
 40
0.25
 40
0.3333333333333333
 40
0.3333333333333333
 40
0.3333333333333333
 40
0.4166666666666666
 40
0.4166666666666666
 40
0.4166666666666666
 40
0.5
 40
0.5
 40
0.5
 40
0.5833333333333333
 40
0.5833333333333333
 40
0.5833333333333333
 40
0.6666666666666666
 40
0.6666666666666666
 40
0.6666666666666666
 40
0.75
 40
0.75
 40
0.75
 40
0.8333333333333333
 40
0.8333333333333333
 40
0.8333333333333333
 40
0.9166666666666666
 40
0.9166666666666666
 40
0.9166666666666666
 40
1.0
 40
1.0
 40
1.0
 40
1.0
 10
69.2576
 20
-48.9375
 30
0.0
 10
70.1765
 20
-48.9375
 30
0.0
 10
70.7613
 20
-48.5268
 30
0.0
 10
70.7613
 20
-47.8237
 30
0.0
 10
70.7613
 20
-46.4871
 30
0.0
 10
68.8469
 20
-46.8282
 30
0.0
 10
68.8469
 20
-46.2713
 30
0.0
 10
68.8469
 20
-46.1111
 30
0.0
 10
69.0
 20
-45.9301
 30
0.0
 10
69.4038
 20
-45.9301
 30
0.0
 10
69.8702
 20
-45.9301
 30
0.0
 10
70.3436
 20
-46.139
 30
0.0
 10
70.3436
 20
-46.139
 30
0.0
 10
70.3436
 20
-46.139
 30
0.0
 10
70.629
 20
-45.4637
 30
0.0
 10
70.629
 20
-45.4637
 30
0.0
 10
70.3714
 20
-45.3454
 30
0.0
 10
69.8772
 20
-45.1783
 30
0.0
 10
69.3411
 20
-45.1783
 30
0.0
 10
68.4918
 20
-45.1783
 30
0.0
 10
67.9488
 20
-45.603
 30
0.0
 10
67.9488
 20
-46.2852
 30
0.0
 10
67.9488
 20
-47.6357
 30
0.0
 10
69.8702
 20
-47.2737
 30
0.0
 10
69.8702
 20
-47.8446
 30
0.0
 10
69.8702
 20
-48.0047
 30
0.0
 10
69.7101
 20
-48.1787
 30
0.0
 10
69.2158
 20
-48.1787
 30
0.0
 10
68.8469
 20
-48.1787
 30
0.0
 10
68.4709
 20
-48.0464
 30
0.0
 10
68.2203
 20
-47.9351
 30
0.0
 10
68.2203
 20
-47.9351
 30
0.0
 10
67.9349
 20
-48.6173
 30
0.0
 10
67.9349
 20
-48.6173
 30
0.0
 10
68.1577
 20
-48.7287
 30
0.0
 10
68.6032
 20
-48.9375
 30
0.0
 10
69.2576
 20
-48.9375
 30
0.0
  0
SPLINE
  5
83
330
1F
100
AcDbEntity
  8
Camada 1
 62
   250
100
AcDbSpline
210
0.0
220
0.0
230
1.0
 70
    11
 71
     3
 72
    32
 73
    28
 74
     0
 42
0.0000000001
 43
0.0000000001
 40
0.0
 40
0.0
 40
0.0
 40
0.0
 40
0.1111111111111111
 40
0.1111111111111111
 40
0.1111111111111111
 40
0.2222222222222222
 40
0.2222222222222222
 40
0.2222222222222222
 40
0.3333333333333333
 40
0.3333333333333333
 40
0.3333333333333333
 40
0.4444444444444444
 40
0.4444444444444444
 40
0.4444444444444444
 40
0.5555555555555556
 40
0.5555555555555556
 40
0.5555555555555556
 40
0.6666666666666666
 40
0.6666666666666666
 40
0.6666666666666666
 40
0.7777777777777777
 40
0.7777777777777777
 40
0.7777777777777777
 40
0.8888888888888888
 40
0.8888888888888888
 40
0.8888888888888888
 40
1.0
 40
1.0
 40
1.0
 40
1.0
 10
75.6761
 20
-43.7721
 30
0.0
 10
75.6761
 20
-43.7721
 30
0.0
 10
75.6761
 20
-45.6099
 30
0.0
 10
75.6761
 20
-45.6099
 30
0.0
 10
75.4603
 20
-45.3245
 30
0.0
 10
75.0566
 20
-45.1783
 30
0.0
 10
74.6389
 20
-45.1783
 30
0.0
 10
73.6155
 20
-45.1783
 30
0.0
 10
72.9333
 20
-46.0694
 30
0.0
 10
72.9333
 20
-47.0579
 30
0.0
 10
72.9333
 20
-48.0464
 30
0.0
 10
73.6086
 20
-48.9375
 30
0.0
 10
74.6528
 20
-48.9375
 30
0.0
 10
75.0775
 20
-48.9375
 30
0.0
 10
75.4951
 20
-48.7913
 30
0.0
 10
75.7458
 20
-48.4084
 30
0.0
 10
75.7458
 20
-48.4084
 30
0.0
 10
75.8641
 20
-48.8679
 30
0.0
 10
75.8641
 20
-48.8679
 30
0.0
 10
75.8641
 20
-48.8679
 30
0.0
 10
76.609
 20
-48.8679
 30
0.0
 10
76.609
 20
-48.8679
 30
0.0
 10
76.609
 20
-48.8679
 30
0.0
 10
76.609
 20
-43.7721
 30
0.0
 10
76.609
 20
-43.7721
 30
0.0
 10
76.609
 20
-43.7721
 30
0.0
 10
75.6761
 20
-43.7721
 30
0.0
 10
75.6761
 20
-43.7721
 30
0.0
  0
SPLINE
  5
84
330
1F
100
AcDbEntity
  8
Camada 1
 62
   250
100
AcDbSpline
210
0.0
220
0.0
230
1.0
 70
    11
 71
     3
 72
    17
 73
    13
 74
     0
 42
0.0000000001
 43
0.0000000001
 40
0.0
 40
0.0
 40
0.0
 40
0.0
 40
0.25
 40
0.25
 40
0.25
 40
0.5
 40
0.5
 40
0.5
 40
0.75
 40
0.75
 40
0.75
 40
1.0
 40
1.0
 40
1.0
 40
1.0
 10
74.8129
 20
-46.0137
 30
0.0
 10
75.4116
 20
-46.0137
 30
0.0
 10
75.7806
 20
-46.4871
 30
0.0
 10
75.7806
 20
-47.0579
 30
0.0
 10
75.7806
 20
-47.6288
 30
0.0
 10
75.4116
 20
-48.1021
 30
0.0
 10
74.8199
 20
-48.1021
 30
0.0
 10
74.2838
 20
-48.1021
 30
0.0
 10
73.8801
 20
-47.7123
 30
0.0
 10
73.8801
 20
-47.0509
 30
0.0
 10
73.8801
 20
-46.4035
 30
0.0
 10
74.2699
 20
-46.0137
 30
0.0
 10
74.8129
 20
-46.0137
 30
0.0
  0
SPLINE
  5
85
330
1F
100
AcDbEntity
  8
Camada 1
 62
   250
100
AcDbSpline
210
0.0
220
0.0
230
1.0
 70
    11
 71
     3
 72
    17
 73
    13
 74
     0
 42
0.0000000001
 43
0.0000000001
 40
0.0
 40
0.0
 40
0.0
 40
0.0
 40
0.25
 40
0.25
 40
0.25
 40
0.5
 40
0.5
 40
0.5
 40
0.75
 40
0.75
 40
0.75
 40
1.0
 40
1.0
 40
1.0
 40
1.0
 10
77.2843
 20
-47.0579
 30
0.0
 10
77.2843
 20
-48.1718
 30
0.0
 10
78.1266
 20
-48.9375
 30
0.0
 10
79.1708
 20
-48.9375
 30
0.0
 10
80.2081
 20
-48.9375
 30
0.0
 10
81.0574
 20
-48.1718
 30
0.0
 10
81.0574
 20
-47.0579
 30
0.0
 10
81.0574
 20
-45.9371
 30
0.0
 10
80.215
 20
-45.1783
 30
0.0
 10
79.1708
 20
-45.1783
 30
0.0
 10
78.1196
 20
-45.1783
 30
0.0
 10
77.2843
 20
-45.9441
 30
0.0
 10
77.2843
 20
-47.0579
 30
0.0
  0
SPLINE
  5
86
330
1F
100
AcDbEntity
  8
Camada 1
 62
   250
100
AcDbSpline
210
0.0
220
0.0
230
1.0
 70
    11
 71
     3
 72
    17
 73
    13
 74
     0
 42
0.0000000001
 43
0.0000000001
 40
0.0
 40
0.0
 40
0.0
 40
0.0
 40
0.25
 40
0.25
 40
0.25
 40
0.5
 40
0.5
 40
0.5
 40
0.75
 40
0.75
 40
0.75
 40
1.0
 40
1.0
 40
1.0
 40
1.0
 10
79.1708
 20
-46.0137
 30
0.0
 10
79.7069
 20
-46.0137
 30
0.0
 10
80.0967
 20
-46.4383
 30
0.0
 10
80.0967
 20
-47.0579
 30
0.0
 10
80.0967
 20
-47.6566
 30
0.0
 10
79.6999
 20
-48.1021
 30
0.0
 10
79.1708
 20
-48.1021
 30
0.0
 10
78.6209
 20
-48.1021
 30
0.0
 10
78.2449
 20
-47.6566
 30
0.0
 10
78.2449
 20
-47.0579
 30
0.0
 10
78.2449
 20
-46.4383
 30
0.0
 10
78.6209
 20
-46.0137
 30
0.0
 10
79.1708
 20
-46.0137
 30
0.0
  0
SPLINE
  5
87
330
1F
100
AcDbEntity
  8
Camada 1
 62
   250
100
AcDbSpline
210
0.0
220
0.0
230
1.0
 70
    11
 71
     3
 72
    41
 73
    37
 74
     0
 42
0.0000000001
 43
0.0000000001
 40
0.0
 40
0.0
 40
0.0
 40
0.0
 40
0.0833333333333333
 40
0.0833333333333333
 40
0.0833333333333333
 40
0.1666666666666667
 40
0.1666666666666667
 40
0.1666666666666667
 40
0.25
 40
0.25
 40
0.25
 40
0.3333333333333333
 40
0.3333333333333333
 40
0.3333333333333333
 40
0.4166666666666666
 40
0.4166666666666666
 40
0.4166666666666666
 40
0.5
 40
0.5
 40
0.5
 40
0.5833333333333333
 40
0.5833333333333333
 40
0.5833333333333333
 40
0.6666666666666666
 40
0.6666666666666666
 40
0.6666666666666666
 40
0.75
 40
0.75
 40
0.75
 40
0.8333333333333333
 40
0.8333333333333333
 40
0.8333333333333333
 40
0.9166666666666666
 40
0.9166666666666666
 40
0.9166666666666666
 40
1.0
 40
1.0
 40
1.0
 40
1.0
 10
81.7117
 20
-45.2479
 30
0.0
 10
81.7117
 20
-45.2479
 30
0.0
 10
81.7117
 20
-47.4199
 30
0.0
 10
81.7117
 20
-47.4199
 30
0.0
 10
81.7117
 20
-48.3876
 30
0.0
 10
82.1921
 20
-48.9375
 30
0.0
 10
83.1319
 20
-48.9375
 30
0.0
 10
83.5844
 20
-48.9375
 30
0.0
 10
83.9255
 20
-48.7704
 30
0.0
 10
84.1622
 20
-48.4572
 30
0.0
 10
84.1622
 20
-48.4572
 30
0.0
 10
84.2805
 20
-48.8679
 30
0.0
 10
84.2805
 20
-48.8679
 30
0.0
 10
84.2805
 20
-48.8679
 30
0.0
 10
85.0254
 20
-48.8679
 30
0.0
 10
85.0254
 20
-48.8679
 30
0.0
 10
85.0254
 20
-48.8679
 30
0.0
 10
85.0254
 20
-45.2479
 30
0.0
 10
85.0254
 20
-45.2479
 30
0.0
 10
85.0254
 20
-45.2479
 30
0.0
 10
84.0508
 20
-45.2479
 30
0.0
 10
84.0508
 20
-45.2479
 30
0.0
 10
84.0508
 20
-45.2479
 30
0.0
 10
84.0508
 20
-47.3851
 30
0.0
 10
84.0508
 20
-47.3851
 30
0.0
 10
84.0508
 20
-47.8237
 30
0.0
 10
83.7375
 20
-48.0186
 30
0.0
 10
83.3546
 20
-48.0186
 30
0.0
 10
82.8882
 20
-48.0186
 30
0.0
 10
82.6724
 20
-47.7958
 30
0.0
 10
82.6724
 20
-47.3712
 30
0.0
 10
82.6724
 20
-47.3712
 30
0.0
 10
82.6724
 20
-45.2479
 30
0.0
 10
82.6724
 20
-45.2479
 30
0.0
 10
82.6724
 20
-45.2479
 30
0.0
 10
81.7117
 20
-45.2479
 30
0.0
 10
81.7117
 20
-45.2479
 30
0.0
  0
SPLINE
  5
88
330
1F
100
AcDbEntity
  8
Camada 1
 62
   250
100
AcDbSpline
210
0.0
220
0.0
230
1.0
 70
    11
 71
     3
 72
    32
 73
    28
 74
     0
 42
0.0000000001
 43
0.0000000001
 40
0.0
 40
0.0
 40
0.0
 40
0.0
 40
0.1111111111111111
 40
0.1111111111111111
 40
0.1111111111111111
 40
0.2222222222222222
 40
0.2222222222222222
 40
0.2222222222222222
 40
0.3333333333333333
 40
0.3333333333333333
 40
0.3333333333333333
 40
0.4444444444444444
 40
0.4444444444444444
 40
0.4444444444444444
 40
0.5555555555555556
 40
0.5555555555555556
 40
0.5555555555555556
 40
0.6666666666666666
 40
0.6666666666666666
 40
0.6666666666666666
 40
0.7777777777777777
 40
0.7777777777777777
 40
0.7777777777777777
 40
0.8888888888888888
 40
0.8888888888888888
 40
0.8888888888888888
 40
1.0
 40
1.0
 40
1.0
 40
1.0
 10
85.8886
 20
-45.2827
 30
0.0
 10
85.8886
 20
-45.2827
 30
0.0
 10
85.8886
 20
-48.8679
 30
0.0
 10
85.8886
 20
-48.8679
 30
0.0
 10
85.8886
 20
-48.8679
 30
0.0
 10
86.8493
 20
-48.8679
 30
0.0
 10
86.8493
 20
-48.8679
 30
0.0
 10
86.8493
 20
-48.8679
 30
0.0
 10
86.8493
 20
-47.2528
 30
0.0
 10
86.8493
 20
-47.2528
 30
0.0
 10
86.8493
 20
-46.4731
 30
0.0
 10
87.2879
 20
-46.2365
 30
0.0
 10
87.9005
 20
-46.2365
 30
0.0
 10
87.9423
 20
-46.2365
 30
0.0
 10
87.9771
 20
-46.2365
 30
0.0
 10
88.0188
 20
-46.2365
 30
0.0
 10
88.0188
 20
-46.2365
 30
0.0
 10
88.0188
 20
-45.2479
 30
0.0
 10
88.0188
 20
-45.2479
 30
0.0
 10
87.3784
 20
-45.2479
 30
0.0
 10
87.0025
 20
-45.3941
 30
0.0
 10
86.7797
 20
-45.8536
 30
0.0
 10
86.7797
 20
-45.8536
 30
0.0
 10
86.6544
 20
-45.2827
 30
0.0
 10
86.6544
 20
-45.2827
 30
0.0
 10
86.6544
 20
-45.2827
 30
0.0
 10
85.8886
 20
-45.2827
 30
0.0
 10
85.8886
 20
-45.2827
 30
0.0
  0
SPLINE
  5
89
330
1F
100
AcDbEntity
  8
Camada 1
 62
   250
100
AcDbSpline
210
0.0
220
0.0
230
1.0
 70
    11
 71
     3
 72
    56
 73
    52
 74
     0
 42
0.0000000001
 43
0.0000000001
 40
0.0
 40
0.0
 40
0.0
 40
0.0
 40
0.0588235294117647
 40
0.0588235294117647
 40
0.0588235294117647
 40
0.1176470588235294
 40
0.1176470588235294
 40
0.1176470588235294
 40
0.1764705882352941
 40
0.1764705882352941
 40
0.1764705882352941
 40
0.2352941176470588
 40
0.2352941176470588
 40
0.2352941176470588
 40
0.2941176470588235
 40
0.2941176470588235
 40
0.2941176470588235
 40
0.3529411764705882
 40
0.3529411764705882
 40
0.3529411764705882
 40
0.4117647058823529
 40
0.4117647058823529
 40
0.4117647058823529
 40
0.4705882352941176
 40
0.4705882352941176
 40
0.4705882352941176
 40
0.5294117647058824
 40
0.5294117647058824
 40
0.5294117647058824
 40
0.5882352941176471
 40
0.5882352941176471
 40
0.5882352941176471
 40
0.6470588235294118
 40
0.6470588235294118
 40
0.6470588235294118
 40
0.7058823529411764
 40
0.7058823529411764
 40
0.7058823529411764
 40
0.7647058823529411
 40
0.7647058823529411
 40
0.7647058823529411
 40
0.8235294117647058
 40
0.8235294117647058
 40
0.8235294117647058
 40
0.8823529411764706
 40
0.8823529411764706
 40
0.8823529411764706
 40
0.9411764705882353
 40
0.9411764705882353
 40
0.9411764705882353
 40
1.0
 40
1.0
 40
1.0
 40
1.0
 10
88.541
 20
-45.415
 30
0.0
 10
88.541
 20
-45.415
 30
0.0
 10
88.715
 20
-46.0903
 30
0.0
 10
88.715
 20
-46.0903
 30
0.0
 10
88.9865
 20
-46.0276
 30
0.0
 10
89.4947
 20
-45.951
 30
0.0
 10
89.808
 20
-45.951
 30
0.0
 10
90.1003
 20
-45.951
 30
0.0
 10
90.4623
 20
-46.0206
 30
0.0
 10
90.4623
 20
-46.5497
 30
0.0
 10
90.4623
 20
-46.5497
 30
0.0
 10
90.4623
 20
-46.6541
 30
0.0
 10
90.4623
 20
-46.6541
 30
0.0
 10
90.2326
 20
-46.6263
 30
0.0
 10
89.9542
 20
-46.6054
 30
0.0
 10
89.7105
 20
-46.6054
 30
0.0
 10
88.8821
 20
-46.6054
 30
0.0
 10
88.2138
 20
-46.9813
 30
0.0
 10
88.2138
 20
-47.761
 30
0.0
 10
88.2138
 20
-48.5268
 30
0.0
 10
88.8612
 20
-48.9375
 30
0.0
 10
89.5225
 20
-48.9375
 30
0.0
 10
90.0238
 20
-48.9375
 30
0.0
 10
90.4484
 20
-48.673
 30
0.0
 10
90.6503
 20
-48.3179
 30
0.0
 10
90.6503
 20
-48.3179
 30
0.0
 10
90.6503
 20
-48.3945
 30
0.0
 10
90.6503
 20
-48.3945
 30
0.0
 10
90.6503
 20
-48.7913
 30
0.0
 10
91.0332
 20
-48.8679
 30
0.0
 10
91.2629
 20
-48.8679
 30
0.0
 10
91.5205
 20
-48.8679
 30
0.0
 10
91.8129
 20
-48.7704
 30
0.0
 10
91.8407
 20
-48.7496
 30
0.0
 10
91.8407
 20
-48.7496
 30
0.0
 10
91.8407
 20
-47.9908
 30
0.0
 10
91.8407
 20
-47.9908
 30
0.0
 10
91.6945
 20
-48.0047
 30
0.0
 10
91.5762
 20
-48.0116
 30
0.0
 10
91.5205
 20
-48.0116
 30
0.0
 10
91.4161
 20
-48.0116
 30
0.0
 10
91.3673
 20
-47.9838
 30
0.0
 10
91.3673
 20
-47.8863
 30
0.0
 10
91.3673
 20
-47.8863
 30
0.0
 10
91.3673
 20
-46.3826
 30
0.0
 10
91.3673
 20
-46.3826
 30
0.0
 10
91.3673
 20
-45.596
 30
0.0
 10
90.8591
 20
-45.1783
 30
0.0
 10
89.9611
 20
-45.1783
 30
0.0
 10
89.4738
 20
-45.1783
 30
0.0
 10
88.8682
 20
-45.3036
 30
0.0
 10
88.541
 20
-45.415
 30
0.0
  0
SPLINE
  5
8A
330
1F
100
AcDbEntity
  8
Camada 1
 62
   250
100
AcDbSpline
210
0.0
220
0.0
230
1.0
 70
    11
 71
     3
 72
    20
 73
    16
 74
     0
 42
0.0000000001
 43
0.0000000001
 40
0.0
 40
0.0
 40
0.0
 40
0.0
 40
0.2
 40
0.2
 40
0.2
 40
0.4
 40
0.4
 40
0.4
 40
0.6000000000000001
 40
0.6000000000000001
 40
0.6000000000000001
 40
0.8
 40
0.8
 40
0.8
 40
1.0
 40
1.0
 40
1.0
 40
1.0
 10
90.4623
 20
-47.2737
 30
0.0
 10
90.4623
 20
-47.2737
 30
0.0
 10
90.4623
 20
-47.6357
 30
0.0
 10
90.4623
 20
-47.6357
 30
0.0
 10
90.4623
 20
-47.9699
 30
0.0
 10
90.0447
 20
-48.2205
 30
0.0
 10
89.6827
 20
-48.2205
 30
0.0
 10
89.3694
 20
-48.2205
 30
0.0
 10
89.0909
 20
-48.0395
 30
0.0
 10
89.0909
 20
-47.7193
 30
0.0
 10
89.0909
 20
-47.2946
 30
0.0
 10
89.5713
 20
-47.218
 30
0.0
 10
89.8845
 20
-47.218
 30
0.0
 10
90.0725
 20
-47.218
 30
0.0
 10
90.2813
 20
-47.2459
 30
0.0
 10
90.4623
 20
-47.2737
 30
0.0
  0
SPLINE
  5
8B
330
1F
100
AcDbEntity
  8
Camada 1
 62
   250
100
AcDbSpline
210
0.0
220
0.0
230
1.0
 70
    11
 71
     3
 72
    32
 73
    28
 74
     0
 42
0.0000000001
 43
0.0000000001
 40
0.0
 40
0.0
 40
0.0
 40
0.0
 40
0.1111111111111111
 40
0.1111111111111111
 40
0.1111111111111111
 40
0.2222222222222222
 40
0.2222222222222222
 40
0.2222222222222222
 40
0.3333333333333333
 40
0.3333333333333333
 40
0.3333333333333333
 40
0.4444444444444444
 40
0.4444444444444444
 40
0.4444444444444444
 40
0.5555555555555556
 40
0.5555555555555556
 40
0.5555555555555556
 40
0.6666666666666666
 40
0.6666666666666666
 40
0.6666666666666666
 40
0.7777777777777777
 40
0.7777777777777777
 40
0.7777777777777777
 40
0.8888888888888888
 40
0.8888888888888888
 40
0.8888888888888888
 40
1.0
 40
1.0
 40
1.0
 40
1.0
 10
94.9455
 20
-43.7721
 30
0.0
 10
94.9455
 20
-43.7721
 30
0.0
 10
94.9455
 20
-45.6099
 30
0.0
 10
94.9455
 20
-45.6099
 30
0.0
 10
94.7297
 20
-45.3245
 30
0.0
 10
94.326
 20
-45.1783
 30
0.0
 10
93.9083
 20
-45.1783
 30
0.0
 10
92.8849
 20
-45.1783
 30
0.0
 10
92.2027
 20
-46.0694
 30
0.0
 10
92.2027
 20
-47.0579
 30
0.0
 10
92.2027
 20
-48.0464
 30
0.0
 10
92.878
 20
-48.9375
 30
0.0
 10
93.9222
 20
-48.9375
 30
0.0
 10
94.3469
 20
-48.9375
 30
0.0
 10
94.7645
 20
-48.7913
 30
0.0
 10
95.0152
 20
-48.4084
 30
0.0
 10
95.0152
 20
-48.4084
 30
0.0
 10
95.1335
 20
-48.8679
 30
0.0
 10
95.1335
 20
-48.8679
 30
0.0
 10
95.1335
 20
-48.8679
 30
0.0
 10
95.8784
 20
-48.8679
 30
0.0
 10
95.8784
 20
-48.8679
 30
0.0
 10
95.8784
 20
-48.8679
 30
0.0
 10
95.8784
 20
-43.7721
 30
0.0
 10
95.8784
 20
-43.7721
 30
0.0
 10
95.8784
 20
-43.7721
 30
0.0
 10
94.9455
 20
-43.7721
 30
0.0
 10
94.9455
 20
-43.7721
 30
0.0
  0
SPLINE
  5
8C
330
1F
100
AcDbEntity
  8
Camada 1
 62
   250
100
AcDbSpline
210
0.0
220
0.0
230
1.0
 70
    11
 71
     3
 72
    17
 73
    13
 74
     0
 42
0.0000000001
 43
0.0000000001
 40
0.0
 40
0.0
 40
0.0
 40
0.0
 40
0.25
 40
0.25
 40
0.25
 40
0.5
 40
0.5
 40
0.5
 40
0.75
 40
0.75
 40
0.75
 40
1.0
 40
1.0
 40
1.0
 40
1.0
 10
94.0823
 20
-46.0137
 30
0.0
 10
94.681
 20
-46.0137
 30
0.0
 10
95.05
 20
-46.4871
 30
0.0
 10
95.05
 20
-47.0579
 30
0.0
 10
95.05
 20
-47.6288
 30
0.0
 10
94.681
 20
-48.1021
 30
0.0
 10
94.0893
 20
-48.1021
 30
0.0
 10
93.5532
 20
-48.1021
 30
0.0
 10
93.1495
 20
-47.7123
 30
0.0
 10
93.1495
 20
-47.0509
 30
0.0
 10
93.1495
 20
-46.4035
 30
0.0
 10
93.5393
 20
-46.0137
 30
0.0
 10
94.0823
 20
-46.0137
 30
0.0
  0
SPLINE
  5
8D
330
1F
100
AcDbEntity
  8
Camada 1
 62
   250
100
AcDbSpline
210
0.0
220
0.0
230
1.0
 70
    11
 71
     3
 72
    17
 73
    13
 74
     0
 42
0.0000000001
 43
0.0000000001
 40
0.0
 40
0.0
 40
0.0
 40
0.0
 40
0.25
 40
0.25
 40
0.25
 40
0.5
 40
0.5
 40
0.5
 40
0.75
 40
0.75
 40
0.75
 40
1.0
 40
1.0
 40
1.0
 40
1.0
 10
96.5537
 20
-47.0579
 30
0.0
 10
96.5537
 20
-48.1718
 30
0.0
 10
97.396
 20
-48.9375
 30
0.0
 10
98.4402
 20
-48.9375
 30
0.0
 10
99.4775
 20
-48.9375
 30
0.0
 10
100.3268
 20
-48.1718
 30
0.0
 10
100.3268
 20
-47.0579
 30
0.0
 10
100.3268
 20
-45.9371
 30
0.0
 10
99.4844
 20
-45.1783
 30
0.0
 10
98.4402
 20
-45.1783
 30
0.0
 10
97.389
 20
-45.1783
 30
0.0
 10
96.5537
 20
-45.9441
 30
0.0
 10
96.5537
 20
-47.0579
 30
0.0
  0
SPLINE
  5
8E
330
1F
100
AcDbEntity
  8
Camada 1
 62
   250
100
AcDbSpline
210
0.0
220
0.0
230
1.0
 70
    11
 71
     3
 72
    17
 73
    13
 74
     0
 42
0.0000000001
 43
0.0000000001
 40
0.0
 40
0.0
 40
0.0
 40
0.0
 40
0.25
 40
0.25
 40
0.25
 40
0.5
 40
0.5
 40
0.5
 40
0.75
 40
0.75
 40
0.75
 40
1.0
 40
1.0
 40
1.0
 40
1.0
 10
98.4402
 20
-46.0137
 30
0.0
 10
98.9763
 20
-46.0137
 30
0.0
 10
99.3661
 20
-46.4383
 30
0.0
 10
99.3661
 20
-47.0579
 30
0.0
 10
99.3661
 20
-47.6566
 30
0.0
 10
98.9693
 20
-48.1021
 30
0.0
 10
98.4402
 20
-48.1021
 30
0.0
 10
97.8903
 20
-48.1021
 30
0.0
 10
97.5143
 20
-47.6566
 30
0.0
 10
97.5143
 20
-47.0579
 30
0.0
 10
97.5143
 20
-46.4383
 30
0.0
 10
97.8903
 20
-46.0137
 30
0.0
 10
98.4402
 20
-46.0137
 30
0.0
  0
SPLINE
  5
8F
330
1F
100
AcDbEntity
  8
Camada 1
 62
   250
100
AcDbSpline
210
0.0
220
0.0
230
1.0
 70
    11
 71
     3
 72
    17
 73
    13
 74
     0
 42
0.0000000001
 43
0.0000000001
 40
0.0
 40
0.0
 40
0.0
 40
0.0
 40
0.25
 40
0.25
 40
0.25
 40
0.5
 40
0.5
 40
0.5
 40
0.75
 40
0.75
 40
0.75
 40
1.0
 40
1.0
 40
1.0
 40
1.0
 10
71.7097
 20
-63.2965
 30
0.0
 10
71.7097
 20
-63.2965
 30
0.0
 10
71.7097
 20
-66.2677
 30
0.0
 10
71.7097
 20
-66.2677
 30
0.0
 10
71.7097
 20
-66.2677
 30
0.0
 10
72.0663
 20
-66.2677
 30
0.0
 10
72.0663
 20
-66.2677
 30
0.0
 10
72.0663
 20
-66.2677
 30
0.0
 10
72.0663
 20
-63.2965
 30
0.0
 10
72.0663
 20
-63.2965
 30
0.0
 10
72.0663
 20
-63.2965
 30
0.0
 10
71.7097
 20
-63.2965
 30
0.0
 10
71.7097
 20
-63.2965
 30
0.0
  0
SPLINE
  5
90
330
1F
100
AcDbEntity
  8
Camada 1
 62
   250
100
AcDbSpline
210
0.0
220
0.0
230
1.0
 70
    11
 71
     3
 72
    41
 73
    37
 74
     0
 42
0.0000000001
 43
0.0000000001
 40
0.0
 40
0.0
 40
0.0
 40
0.0
 40
0.0833333333333333
 40
0.0833333333333333
 40
0.0833333333333333
 40
0.1666666666666667
 40
0.1666666666666667
 40
0.1666666666666667
 40
0.25
 40
0.25
 40
0.25
 40
0.3333333333333333
 40
0.3333333333333333
 40
0.3333333333333333
 40
0.4166666666666666
 40
0.4166666666666666
 40
0.4166666666666666
 40
0.5
 40
0.5
 40
0.5
 40
0.5833333333333333
 40
0.5833333333333333
 40
0.5833333333333333
 40
0.6666666666666666
 40
0.6666666666666666
 40
0.6666666666666666
 40
0.75
 40
0.75
 40
0.75
 40
0.8333333333333333
 40
0.8333333333333333
 40
0.8333333333333333
 40
0.9166666666666666
 40
0.9166666666666666
 40
0.9166666666666666
 40
1.0
 40
1.0
 40
1.0
 40
1.0
 10
73.7386
 20
-66.3101
 30
0.0
 10
74.3965
 20
-66.3101
 30
0.0
 10
74.8083
 20
-66.0088
 30
0.0
 10
74.8083
 20
-65.4824
 30
0.0
 10
74.8083
 20
-64.434
 30
0.0
 10
73.0722
 20
-64.8076
 30
0.0
 10
73.0722
 20
-64.0393
 30
0.0
 10
73.0722
 20
-63.7209
 30
0.0
 10
73.3651
 20
-63.5681
 30
0.0
 10
73.7641
 20
-63.5681
 30
0.0
 10
74.1673
 20
-63.5681
 30
0.0
 10
74.5536
 20
-63.7337
 30
0.0
 10
74.5536
 20
-63.7337
 30
0.0
 10
74.5536
 20
-63.7337
 30
0.0
 10
74.6809
 20
-63.4535
 30
0.0
 10
74.6809
 20
-63.4535
 30
0.0
 10
74.5112
 20
-63.3771
 30
0.0
 10
74.1461
 20
-63.254
 30
0.0
 10
73.7471
 20
-63.254
 30
0.0
 10
73.1062
 20
-63.254
 30
0.0
 10
72.7242
 20
-63.5639
 30
0.0
 10
72.7242
 20
-64.069
 30
0.0
 10
72.7242
 20
-65.1514
 30
0.0
 10
74.4602
 20
-64.7481
 30
0.0
 10
74.4602
 20
-65.5079
 30
0.0
 10
74.4602
 20
-65.822
 30
0.0
 10
74.1928
 20
-65.996
 30
0.0
 10
73.7429
 20
-65.996
 30
0.0
 10
73.3099
 20
-65.996
 30
0.0
 10
72.9364
 20
-65.8348
 30
0.0
 10
72.826
 20
-65.7796
 30
0.0
 10
72.826
 20
-65.7796
 30
0.0
 10
72.6945
 20
-66.064
 30
0.0
 10
72.6945
 20
-66.064
 30
0.0
 10
72.8218
 20
-66.1276
 30
0.0
 10
73.2293
 20
-66.3101
 30
0.0
 10
73.7386
 20
-66.3101
 30
0.0
  0
SPLINE
  5
91
330
1F
100
AcDbEntity
  8
Camada 1
 62
   250
100
AcDbSpline
210
0.0
220
0.0
230
1.0
 70
    11
 71
     3
 72
    29
 73
    25
 74
     0
 42
0.0000000001
 43
0.0000000001
 40
0.0
 40
0.0
 40
0.0
 40
0.0
 40
0.125
 40
0.125
 40
0.125
 40
0.25
 40
0.25
 40
0.25
 40
0.375
 40
0.375
 40
0.375
 40
0.5
 40
0.5
 40
0.5
 40
0.625
 40
0.625
 40
0.625
 40
0.75
 40
0.75
 40
0.75
 40
0.875
 40
0.875
 40
0.875
 40
1.0
 40
1.0
 40
1.0
 40
1.0
 10
76.2005
 20
-63.254
 30
0.0
 10
76.2005
 20
-63.254
 30
0.0
 10
75.0672
 20
-66.2677
 30
0.0
 10
75.0672
 20
-66.2677
 30
0.0
 10
75.0672
 20
-66.2677
 30
0.0
 10
75.445
 20
-66.2677
 30
0.0
 10
75.445
 20
-66.2677
 30
0.0
 10
75.445
 20
-66.2677
 30
0.0
 10
75.7379
 20
-65.457
 30
0.0
 10
75.7379
 20
-65.457
 30
0.0
 10
75.7379
 20
-65.457
 30
0.0
 10
77.041
 20
-65.457
 30
0.0
 10
77.041
 20
-65.457
 30
0.0
 10
77.041
 20
-65.457
 30
0.0
 10
77.3338
 20
-66.2677
 30
0.0
 10
77.3338
 20
-66.2677
 30
0.0
 10
77.3338
 20
-66.2677
 30
0.0
 10
77.7116
 20
-66.2677
 30
0.0
 10
77.7116
 20
-66.2677
 30
0.0
 10
77.7116
 20
-66.2677
 30
0.0
 10
76.5741
 20
-63.254
 30
0.0
 10
76.5741
 20
-63.254
 30
0.0
 10
76.5741
 20
-63.254
 30
0.0
 10
76.2005
 20
-63.254
 30
0.0
 10
76.2005
 20
-63.254
 30
0.0
  0
SPLINE
  5
92
330
1F
100
AcDbEntity
  8
Camada 1
 62
   250
100
AcDbSpline
210
0.0
220
0.0
230
1.0
 70
    11
 71
     3
 72
    14
 73
    10
 74
     0
 42
0.0000000001
 43
0.0000000001
 40
0.0
 40
0.0
 40
0.0
 40
0.0
 40
0.3333333333333333
 40
0.3333333333333333
 40
0.3333333333333333
 40
0.6666666666666666
 40
0.6666666666666666
 40
0.6666666666666666
 40
1.0
 40
1.0
 40
1.0
 40
1.0
 10
76.3873
 20
-63.6233
 30
0.0
 10
76.3873
 20
-63.6233
 30
0.0
 10
76.9476
 20
-65.1683
 30
0.0
 10
76.9476
 20
-65.1683
 30
0.0
 10
76.9476
 20
-65.1683
 30
0.0
 10
75.827
 20
-65.1683
 30
0.0
 10
75.827
 20
-65.1683
 30
0.0
 10
75.827
 20
-65.1683
 30
0.0
 10
76.3873
 20
-63.6233
 30
0.0
 10
76.3873
 20
-63.6233
 30
0.0
  0
SPLINE
  5
93
330
1F
100
AcDbEntity
  8
Camada 1
 62
   250
100
AcDbSpline
210
0.0
220
0.0
230
1.0
 70
    11
 71
     3
 72
    26
 73
    22
 74
     0
 42
0.0000000001
 43
0.0000000001
 40
0.0
 40
0.0
 40
0.0
 40
0.0
 40
0.1428571428571428
 40
0.1428571428571428
 40
0.1428571428571428
 40
0.2857142857142857
 40
0.2857142857142857
 40
0.2857142857142857
 40
0.4285714285714285
 40
0.4285714285714285
 40
0.4285714285714285
 40
0.5714285714285714
 40
0.5714285714285714
 40
0.5714285714285714
 40
0.7142857142857142
 40
0.7142857142857142
 40
0.7142857142857142
 40
0.8571428571428571
 40
0.8571428571428571
 40
0.8571428571428571
 40
1.0
 40
1.0
 40
1.0
 40
1.0
 10
79.1887
 20
-66.2677
 30
0.0
 10
79.35
 20
-66.2677
 30
0.0
 10
79.6174
 20
-66.221
 30
0.0
 10
79.8679
 20
-66.0809
 30
0.0
 10
80.339
 20
-65.8093
 30
0.0
 10
80.5258
 20
-65.2957
 30
0.0
 10
80.5258
 20
-64.7821
 30
0.0
 10
80.5215
 20
-64.2685
 30
0.0
 10
80.3433
 20
-63.7634
 30
0.0
 10
79.8679
 20
-63.4832
 30
0.0
 10
79.6259
 20
-63.3432
 30
0.0
 10
79.3713
 20
-63.2965
 30
0.0
 10
79.1887
 20
-63.2965
 30
0.0
 10
79.1887
 20
-63.2965
 30
0.0
 10
78.17
 20
-63.2965
 30
0.0
 10
78.17
 20
-63.2965
 30
0.0
 10
78.17
 20
-63.2965
 30
0.0
 10
78.17
 20
-66.2677
 30
0.0
 10
78.17
 20
-66.2677
 30
0.0
 10
78.17
 20
-66.2677
 30
0.0
 10
79.1887
 20
-66.2677
 30
0.0
 10
79.1887
 20
-66.2677
 30
0.0
  0
SPLINE
  5
94
330
1F
100
AcDbEntity
  8
Camada 1
 62
   250
100
AcDbSpline
210
0.0
220
0.0
230
1.0
 70
    11
 71
     3
 72
    26
 73
    22
 74
     0
 42
0.0000000001
 43
0.0000000001
 40
0.0
 40
0.0
 40
0.0
 40
0.0
 40
0.1428571428571428
 40
0.1428571428571428
 40
0.1428571428571428
 40
0.2857142857142857
 40
0.2857142857142857
 40
0.2857142857142857
 40
0.4285714285714285
 40
0.4285714285714285
 40
0.4285714285714285
 40
0.5714285714285714
 40
0.5714285714285714
 40
0.5714285714285714
 40
0.7142857142857142
 40
0.7142857142857142
 40
0.7142857142857142
 40
0.8571428571428571
 40
0.8571428571428571
 40
0.8571428571428571
 40
1.0
 40
1.0
 40
1.0
 40
1.0
 10
78.5266
 20
-63.6318
 30
0.0
 10
78.5266
 20
-63.6318
 30
0.0
 10
79.1293
 20
-63.6318
 30
0.0
 10
79.1293
 20
-63.6318
 30
0.0
 10
79.2227
 20
-63.6318
 30
0.0
 10
79.4731
 20
-63.6488
 30
0.0
 10
79.7108
 20
-63.7889
 30
0.0
 10
80.0419
 20
-63.9841
 30
0.0
 10
80.1692
 20
-64.3534
 30
0.0
 10
80.1692
 20
-64.7778
 30
0.0
 10
80.1692
 20
-65.1896
 30
0.0
 10
80.0504
 20
-65.5801
 30
0.0
 10
79.7108
 20
-65.7753
 30
0.0
 10
79.4774
 20
-65.9069
 30
0.0
 10
79.2609
 20
-65.9324
 30
0.0
 10
79.1293
 20
-65.9324
 30
0.0
 10
79.1293
 20
-65.9324
 30
0.0
 10
78.5266
 20
-65.9324
 30
0.0
 10
78.5266
 20
-65.9324
 30
0.0
 10
78.5266
 20
-65.9324
 30
0.0
 10
78.5266
 20
-63.6318
 30
0.0
 10
78.5266
 20
-63.6318
 30
0.0
  0
SPLINE
  5
95
330
1F
100
AcDbEntity
  8
Camada 1
 62
   250
100
AcDbSpline
210
0.0
220
0.0
230
1.0
 70
    11
 71
     3
 72
    17
 73
    13
 74
     0
 42
0.0000000001
 43
0.0000000001
 40
0.0
 40
0.0
 40
0.0
 40
0.0
 40
0.25
 40
0.25
 40
0.25
 40
0.5
 40
0.5
 40
0.5
 40
0.75
 40
0.75
 40
0.75
 40
1.0
 40
1.0
 40
1.0
 40
1.0
 10
80.9927
 20
-64.7778
 30
0.0
 10
80.9927
 20
-65.631
 30
0.0
 10
81.676
 20
-66.3101
 30
0.0
 10
82.5165
 20
-66.3101
 30
0.0
 10
83.3357
 20
-66.3101
 30
0.0
 10
84.036
 20
-65.6437
 30
0.0
 10
84.036
 20
-64.7778
 30
0.0
 10
84.036
 20
-63.9374
 30
0.0
 10
83.3654
 20
-63.254
 30
0.0
 10
82.5165
 20
-63.254
 30
0.0
 10
81.7015
 20
-63.254
 30
0.0
 10
80.9927
 20
-63.9077
 30
0.0
 10
80.9927
 20
-64.7778
 30
0.0
  0
SPLINE
  5
96
330
1F
100
AcDbEntity
  8
Camada 1
 62
   250
100
AcDbSpline
210
0.0
220
0.0
230
1.0
 70
    11
 71
     3
 72
    17
 73
    13
 74
     0
 42
0.0000000001
 43
0.0000000001
 40
0.0
 40
0.0
 40
0.0
 40
0.0
 40
0.25
 40
0.25
 40
0.25
 40
0.5
 40
0.5
 40
0.5
 40
0.75
 40
0.75
 40
0.75
 40
1.0
 40
1.0
 40
1.0
 40
1.0
 10
81.3662
 20
-64.7821
 30
0.0
 10
81.3662
 20
-64.0987
 30
0.0
 10
81.8586
 20
-63.5766
 30
0.0
 10
82.508
 20
-63.5766
 30
0.0
 10
83.1701
 20
-63.5766
 30
0.0
 10
83.6625
 20
-64.1072
 30
0.0
 10
83.6625
 20
-64.7821
 30
0.0
 10
83.6625
 20
-65.4655
 30
0.0
 10
83.1744
 20
-65.9876
 30
0.0
 10
82.5165
 20
-65.9876
 30
0.0
 10
81.8586
 20
-65.9876
 30
0.0
 10
81.3662
 20
-65.4655
 30
0.0
 10
81.3662
 20
-64.7821
 30
0.0
  0
SPLINE
  5
97
330
1F
100
AcDbEntity
  8
Camada 1
 62
   250
100
AcDbSpline
210
0.0
220
0.0
230
1.0
 70
    11
 71
     3
 72
    35
 73
    31
 74
     0
 42
0.0000000001
 43
0.0000000001
 40
0.0
 40
0.0
 40
0.0
 40
0.0
 40
0.1
 40
0.1
 40
0.1
 40
0.2
 40
0.2
 40
0.2
 40
0.3
 40
0.3
 40
0.3
 40
0.4
 40
0.4
 40
0.4
 40
0.5
 40
0.5
 40
0.5
 40
0.6000000000000001
 40
0.6000000000000001
 40
0.6000000000000001
 40
0.7000000000000001
 40
0.7000000000000001
 40
0.7000000000000001
 40
0.8
 40
0.8
 40
0.8
 40
0.9
 40
0.9
 40
0.9
 40
1.0
 40
1.0
 40
1.0
 40
1.0
 10
84.6642
 20
-63.2965
 30
0.0
 10
84.6642
 20
-63.2965
 30
0.0
 10
84.6642
 20
-66.2677
 30
0.0
 10
84.6642
 20
-66.2677
 30
0.0
 10
84.6642
 20
-66.2677
 30
0.0
 10
85.0208
 20
-66.2677
 30
0.0
 10
85.0208
 20
-66.2677
 30
0.0
 10
85.0208
 20
-66.2677
 30
0.0
 10
85.0208
 20
-65.0155
 30
0.0
 10
85.0208
 20
-65.0155
 30
0.0
 10
85.0208
 20
-65.0155
 30
0.0
 10
85.8357
 20
-65.0155
 30
0.0
 10
85.8357
 20
-65.0155
 30
0.0
 10
85.8357
 20
-65.0155
 30
0.0
 10
86.5234
 20
-66.2677
 30
0.0
 10
86.5234
 20
-66.2677
 30
0.0
 10
86.5234
 20
-66.2677
 30
0.0
 10
86.9351
 20
-66.2677
 30
0.0
 10
86.9351
 20
-66.2677
 30
0.0
 10
86.9351
 20
-66.2677
 30
0.0
 10
86.2008
 20
-64.9731
 30
0.0
 10
86.2008
 20
-64.9731
 30
0.0
 10
86.5658
 20
-64.8755
 30
0.0
 10
86.8205
 20
-64.5359
 30
0.0
 10
86.8205
 20
-64.1539
 30
0.0
 10
86.8205
 20
-63.6827
 30
0.0
 10
86.4342
 20
-63.2965
 30
0.0
 10
85.9631
 20
-63.2965
 30
0.0
 10
85.9631
 20
-63.2965
 30
0.0
 10
84.6642
 20
-63.2965
 30
0.0
 10
84.6642
 20
-63.2965
 30
0.0
  0
SPLINE
  5
98
330
1F
100
AcDbEntity
  8
Camada 1
 62
   250
100
AcDbSpline
210
0.0
220
0.0
230
1.0
 70
    11
 71
     3
 72
    20
 73
    16
 74
     0
 42
0.0000000001
 43
0.0000000001
 40
0.0
 40
0.0
 40
0.0
 40
0.0
 40
0.2
 40
0.2
 40
0.2
 40
0.4
 40
0.4
 40
0.4
 40
0.6000000000000001
 40
0.6000000000000001
 40
0.6000000000000001
 40
0.8
 40
0.8
 40
0.8
 40
1.0
 40
1.0
 40
1.0
 40
1.0
 10
85.0208
 20
-63.6276
 30
0.0
 10
85.0208
 20
-63.6276
 30
0.0
 10
85.8612
 20
-63.6276
 30
0.0
 10
85.8612
 20
-63.6276
 30
0.0
 10
86.1753
 20
-63.6276
 30
0.0
 10
86.4682
 20
-63.8058
 30
0.0
 10
86.4682
 20
-64.1539
 30
0.0
 10
86.4682
 20
-64.4298
 30
0.0
 10
86.239
 20
-64.6887
 30
0.0
 10
85.9631
 20
-64.6887
 30
0.0
 10
85.9631
 20
-64.6887
 30
0.0
 10
85.0208
 20
-64.6887
 30
0.0
 10
85.0208
 20
-64.6887
 30
0.0
 10
85.0208
 20
-64.6887
 30
0.0
 10
85.0208
 20
-63.6276
 30
0.0
 10
85.0208
 20
-63.6276
 30
0.0
  0
SPLINE
  5
99
330
1F
100
AcDbEntity
  8
Camada 1
 62
   250
100
AcDbSpline
210
0.0
220
0.0
230
1.0
 70
    11
 71
     3
 72
    29
 73
    25
 74
     0
 42
0.0000000001
 43
0.0000000001
 40
0.0
 40
0.0
 40
0.0
 40
0.0
 40
0.125
 40
0.125
 40
0.125
 40
0.25
 40
0.25
 40
0.25
 40
0.375
 40
0.375
 40
0.375
 40
0.5
 40
0.5
 40
0.5
 40
0.625
 40
0.625
 40
0.625
 40
0.75
 40
0.75
 40
0.75
 40
0.875
 40
0.875
 40
0.875
 40
1.0
 40
1.0
 40
1.0
 40
1.0
 10
88.2933
 20
-63.254
 30
0.0
 10
88.2933
 20
-63.254
 30
0.0
 10
87.16
 20
-66.2677
 30
0.0
 10
87.16
 20
-66.2677
 30
0.0
 10
87.16
 20
-66.2677
 30
0.0
 10
87.5378
 20
-66.2677
 30
0.0
 10
87.5378
 20
-66.2677
 30
0.0
 10
87.5378
 20
-66.2677
 30
0.0
 10
87.8307
 20
-65.457
 30
0.0
 10
87.8307
 20
-65.457
 30
0.0
 10
87.8307
 20
-65.457
 30
0.0
 10
89.1338
 20
-65.457
 30
0.0
 10
89.1338
 20
-65.457
 30
0.0
 10
89.1338
 20
-65.457
 30
0.0
 10
89.4266
 20
-66.2677
 30
0.0
 10
89.4266
 20
-66.2677
 30
0.0
 10
89.4266
 20
-66.2677
 30
0.0
 10
89.8044
 20
-66.2677
 30
0.0
 10
89.8044
 20
-66.2677
 30
0.0
 10
89.8044
 20
-66.2677
 30
0.0
 10
88.6669
 20
-63.254
 30
0.0
 10
88.6669
 20
-63.254
 30
0.0
 10
88.6669
 20
-63.254
 30
0.0
 10
88.2933
 20
-63.254
 30
0.0
 10
88.2933
 20
-63.254
 30
0.0
  0
SPLINE
  5
9A
330
1F
100
AcDbEntity
  8
Camada 1
 62
   250
100
AcDbSpline
210
0.0
220
0.0
230
1.0
 70
    11
 71
     3
 72
    14
 73
    10
 74
     0
 42
0.0000000001
 43
0.0000000001
 40
0.0
 40
0.0
 40
0.0
 40
0.0
 40
0.3333333333333333
 40
0.3333333333333333
 40
0.3333333333333333
 40
0.6666666666666666
 40
0.6666666666666666
 40
0.6666666666666666
 40
1.0
 40
1.0
 40
1.0
 40
1.0
 10
88.4801
 20
-63.6233
 30
0.0
 10
88.4801
 20
-63.6233
 30
0.0
 10
89.0404
 20
-65.1683
 30
0.0
 10
89.0404
 20
-65.1683
 30
0.0
 10
89.0404
 20
-65.1683
 30
0.0
 10
87.9198
 20
-65.1683
 30
0.0
 10
87.9198
 20
-65.1683
 30
0.0
 10
87.9198
 20
-65.1683
 30
0.0
 10
88.4801
 20
-63.6233
 30
0.0
 10
88.4801
 20
-63.6233
 30
0.0
  0
SPLINE
  5
9B
330
1F
100
AcDbEntity
  8
Camada 1
 62
   250
100
AcDbSpline
210
0.0
220
0.0
230
1.0
 70
    11
 71
     3
 72
    47
 73
    43
 74
     0
 42
0.0000000001
 43
0.0000000001
 40
0.0
 40
0.0
 40
0.0
 40
0.0
 40
0.0714285714285714
 40
0.0714285714285714
 40
0.0714285714285714
 40
0.1428571428571428
 40
0.1428571428571428
 40
0.1428571428571428
 40
0.2142857142857143
 40
0.2142857142857143
 40
0.2142857142857143
 40
0.2857142857142857
 40
0.2857142857142857
 40
0.2857142857142857
 40
0.3571428571428571
 40
0.3571428571428571
 40
0.3571428571428571
 40
0.4285714285714285
 40
0.4285714285714285
 40
0.4285714285714285
 40
0.5
 40
0.5
 40
0.5
 40
0.5714285714285714
 40
0.5714285714285714
 40
0.5714285714285714
 40
0.6428571428571428
 40
0.6428571428571428
 40
0.6428571428571428
 40
0.7142857142857142
 40
0.7142857142857142
 40
0.7142857142857142
 40
0.7857142857142857
 40
0.7857142857142857
 40
0.7857142857142857
 40
0.8571428571428571
 40
0.8571428571428571
 40
0.8571428571428571
 40
0.9285714285714285
 40
0.9285714285714285
 40
0.9285714285714285
 40
1.0
 40
1.0
 40
1.0
 40
1.0
 10
92.7459
 20
-63.254
 30
0.0
 10
91.88
 20
-63.254
 30
0.0
 10
91.1924
 20
-63.9417
 30
0.0
 10
91.1924
 20
-64.7821
 30
0.0
 10
91.1924
 20
-65.6225
 30
0.0
 10
91.88
 20
-66.3101
 30
0.0
 10
92.7459
 20
-66.3101
 30
0.0
 10
93.1364
 20
-66.3101
 30
0.0
 10
93.493
 20
-66.1955
 30
0.0
 10
93.8708
 20
-65.839
 30
0.0
 10
93.8708
 20
-65.839
 30
0.0
 10
93.8708
 20
-64.7481
 30
0.0
 10
93.8708
 20
-64.7481
 30
0.0
 10
93.8708
 20
-64.7481
 30
0.0
 10
92.7332
 20
-64.7481
 30
0.0
 10
92.7332
 20
-64.7481
 30
0.0
 10
92.7332
 20
-64.7481
 30
0.0
 10
92.7332
 20
-65.0453
 30
0.0
 10
92.7332
 20
-65.0453
 30
0.0
 10
92.7332
 20
-65.0453
 30
0.0
 10
93.5397
 20
-65.0453
 30
0.0
 10
93.5397
 20
-65.0453
 30
0.0
 10
93.5397
 20
-65.0453
 30
0.0
 10
93.5397
 20
-65.7032
 30
0.0
 10
93.5397
 20
-65.7032
 30
0.0
 10
93.2935
 20
-65.9196
 30
0.0
 10
92.9964
 20
-65.9876
 30
0.0
 10
92.7544
 20
-65.9876
 30
0.0
 10
92.0795
 20
-65.9876
 30
0.0
 10
91.5659
 20
-65.4612
 30
0.0
 10
91.5659
 20
-64.7821
 30
0.0
 10
91.5659
 20
-64.0987
 30
0.0
 10
92.0795
 20
-63.5766
 30
0.0
 10
92.7544
 20
-63.5766
 30
0.0
 10
93.1534
 20
-63.5766
 30
0.0
 10
93.5269
 20
-63.7422
 30
0.0
 10
93.5651
 20
-63.7591
 30
0.0
 10
93.5651
 20
-63.7591
 30
0.0
 10
93.7052
 20
-63.4917
 30
0.0
 10
93.7052
 20
-63.4917
 30
0.0
 10
93.4463
 20
-63.3517
 30
0.0
 10
93.0473
 20
-63.254
 30
0.0
 10
92.7459
 20
-63.254
 30
0.0
  0
SPLINE
  5
9C
330
1F
100
AcDbEntity
  8
Camada 1
 62
   250
100
AcDbSpline
210
0.0
220
0.0
230
1.0
 70
    11
 71
     3
 72
    35
 73
    31
 74
     0
 42
0.0000000001
 43
0.0000000001
 40
0.0
 40
0.0
 40
0.0
 40
0.0
 40
0.1
 40
0.1
 40
0.1
 40
0.2
 40
0.2
 40
0.2
 40
0.3
 40
0.3
 40
0.3
 40
0.4
 40
0.4
 40
0.4
 40
0.5
 40
0.5
 40
0.5
 40
0.6000000000000001
 40
0.6000000000000001
 40
0.6000000000000001
 40
0.7000000000000001
 40
0.7000000000000001
 40
0.7000000000000001
 40
0.8
 40
0.8
 40
0.8
 40
0.9
 40
0.9
 40
0.9
 40
1.0
 40
1.0
 40
1.0
 40
1.0
 10
94.5244
 20
-63.2965
 30
0.0
 10
94.5244
 20
-63.2965
 30
0.0
 10
94.5244
 20
-66.2677
 30
0.0
 10
94.5244
 20
-66.2677
 30
0.0
 10
94.5244
 20
-66.2677
 30
0.0
 10
94.881
 20
-66.2677
 30
0.0
 10
94.881
 20
-66.2677
 30
0.0
 10
94.881
 20
-66.2677
 30
0.0
 10
94.881
 20
-65.0155
 30
0.0
 10
94.881
 20
-65.0155
 30
0.0
 10
94.881
 20
-65.0155
 30
0.0
 10
95.6959
 20
-65.0155
 30
0.0
 10
95.6959
 20
-65.0155
 30
0.0
 10
95.6959
 20
-65.0155
 30
0.0
 10
96.3836
 20
-66.2677
 30
0.0
 10
96.3836
 20
-66.2677
 30
0.0
 10
96.3836
 20
-66.2677
 30
0.0
 10
96.7953
 20
-66.2677
 30
0.0
 10
96.7953
 20
-66.2677
 30
0.0
 10
96.7953
 20
-66.2677
 30
0.0
 10
96.061
 20
-64.9731
 30
0.0
 10
96.061
 20
-64.9731
 30
0.0
 10
96.426
 20
-64.8755
 30
0.0
 10
96.6807
 20
-64.5359
 30
0.0
 10
96.6807
 20
-64.1539
 30
0.0
 10
96.6807
 20
-63.6827
 30
0.0
 10
96.2944
 20
-63.2965
 30
0.0
 10
95.8233
 20
-63.2965
 30
0.0
 10
95.8233
 20
-63.2965
 30
0.0
 10
94.5244
 20
-63.2965
 30
0.0
 10
94.5244
 20
-63.2965
 30
0.0
  0
SPLINE
  5
9D
330
1F
100
AcDbEntity
  8
Camada 1
 62
   250
100
AcDbSpline
210
0.0
220
0.0
230
1.0
 70
    11
 71
     3
 72
    20
 73
    16
 74
     0
 42
0.0000000001
 43
0.0000000001
 40
0.0
 40
0.0
 40
0.0
 40
0.0
 40
0.2
 40
0.2
 40
0.2
 40
0.4
 40
0.4
 40
0.4
 40
0.6000000000000001
 40
0.6000000000000001
 40
0.6000000000000001
 40
0.8
 40
0.8
 40
0.8
 40
1.0
 40
1.0
 40
1.0
 40
1.0
 10
94.881
 20
-63.6276
 30
0.0
 10
94.881
 20
-63.6276
 30
0.0
 10
95.7214
 20
-63.6276
 30
0.0
 10
95.7214
 20
-63.6276
 30
0.0
 10
96.0355
 20
-63.6276
 30
0.0
 10
96.3284
 20
-63.8058
 30
0.0
 10
96.3284
 20
-64.1539
 30
0.0
 10
96.3284
 20
-64.4298
 30
0.0
 10
96.0992
 20
-64.6887
 30
0.0
 10
95.8233
 20
-64.6887
 30
0.0
 10
95.8233
 20
-64.6887
 30
0.0
 10
94.881
 20
-64.6887
 30
0.0
 10
94.881
 20
-64.6887
 30
0.0
 10
94.881
 20
-64.6887
 30
0.0
 10
94.881
 20
-63.6276
 30
0.0
 10
94.881
 20
-63.6276
 30
0.0
  0
SPLINE
  5
9E
330
1F
100
AcDbEntity
  8
Camada 1
 62
   250
100
AcDbSpline
210
0.0
220
0.0
230
1.0
 70
    11
 71
     3
 72
    17
 73
    13
 74
     0
 42
0.0000000001
 43
0.0000000001
 40
0.0
 40
0.0
 40
0.0
 40
0.0
 40
0.25
 40
0.25
 40
0.25
 40
0.5
 40
0.5
 40
0.5
 40
0.75
 40
0.75
 40
0.75
 40
1.0
 40
1.0
 40
1.0
 40
1.0
 10
97.364
 20
-63.2965
 30
0.0
 10
97.364
 20
-63.2965
 30
0.0
 10
97.364
 20
-66.2677
 30
0.0
 10
97.364
 20
-66.2677
 30
0.0
 10
97.364
 20
-66.2677
 30
0.0
 10
97.7206
 20
-66.2677
 30
0.0
 10
97.7206
 20
-66.2677
 30
0.0
 10
97.7206
 20
-66.2677
 30
0.0
 10
97.7206
 20
-63.2965
 30
0.0
 10
97.7206
 20
-63.2965
 30
0.0
 10
97.7206
 20
-63.2965
 30
0.0
 10
97.364
 20
-63.2965
 30
0.0
 10
97.364
 20
-63.2965
 30
0.0
  0
SPLINE
  5
9F
330
1F
100
AcDbEntity
  8
Camada 1
 62
   250
100
AcDbSpline
210
0.0
220
0.0
230
1.0
 70
    11
 71
     3
 72
    23
 73
    19
 74
     0
 42
0.0000000001
 43
0.0000000001
 40
0.0
 40
0.0
 40
0.0
 40
0.0
 40
0.1666666666666667
 40
0.1666666666666667
 40
0.1666666666666667
 40
0.3333333333333333
 40
0.3333333333333333
 40
0.3333333333333333
 40
0.5
 40
0.5
 40
0.5
 40
0.6666666666666666
 40
0.6666666666666666
 40
0.6666666666666666
 40
0.8333333333333333
 40
0.8333333333333333
 40
0.8333333333333333
 40
1.0
 40
1.0
 40
1.0
 40
1.0
 10
98.527
 20
-63.2965
 30
0.0
 10
98.527
 20
-63.2965
 30
0.0
 10
98.527
 20
-66.2677
 30
0.0
 10
98.527
 20
-66.2677
 30
0.0
 10
98.527
 20
-66.2677
 30
0.0
 10
100.4965
 20
-66.2677
 30
0.0
 10
100.4965
 20
-66.2677
 30
0.0
 10
100.4965
 20
-66.2677
 30
0.0
 10
100.4965
 20
-65.9366
 30
0.0
 10
100.4965
 20
-65.9366
 30
0.0
 10
100.4965
 20
-65.9366
 30
0.0
 10
98.8836
 20
-65.9366
 30
0.0
 10
98.8836
 20
-65.9366
 30
0.0
 10
98.8836
 20
-65.9366
 30
0.0
 10
98.8836
 20
-63.2965
 30
0.0
 10
98.8836
 20
-63.2965
 30
0.0
 10
98.8836
 20
-63.2965
 30
0.0
 10
98.527
 20
-63.2965
 30
0.0
 10
98.527
 20
-63.2965
 30
0.0
  0
SPLINE
  5
A0
330
1F
100
AcDbEntity
  8
Camada 1
 62
   250
100
AcDbSpline
210
0.0
220
0.0
230
1.0
 70
    11
 71
     3
 72
    23
 73
    19
 74
     0
 42
0.0000000001
 43
0.0000000001
 40
0.0
 40
0.0
 40
0.0
 40
0.0
 40
0.1666666666666667
 40
0.1666666666666667
 40
0.1666666666666667
 40
0.3333333333333333
 40
0.3333333333333333
 40
0.3333333333333333
 40
0.5
 40
0.5
 40
0.5
 40
0.6666666666666666
 40
0.6666666666666666
 40
0.6666666666666666
 40
0.8333333333333333
 40
0.8333333333333333
 40
0.8333333333333333
 40
1.0
 40
1.0
 40
1.0
 40
1.0
 10
100.9974
 20
-63.2965
 30
0.0
 10
100.9974
 20
-63.2965
 30
0.0
 10
100.9974
 20
-66.2677
 30
0.0
 10
100.9974
 20
-66.2677
 30
0.0
 10
100.9974
 20
-66.2677
 30
0.0
 10
102.9669
 20
-66.2677
 30
0.0
 10
102.9669
 20
-66.2677
 30
0.0
 10
102.9669
 20
-66.2677
 30
0.0
 10
102.9669
 20
-65.9366
 30
0.0
 10
102.9669
 20
-65.9366
 30
0.0
 10
102.9669
 20
-65.9366
 30
0.0
 10
101.354
 20
-65.9366
 30
0.0
 10
101.354
 20
-65.9366
 30
0.0
 10
101.354
 20
-65.9366
 30
0.0
 10
101.354
 20
-63.2965
 30
0.0
 10
101.354
 20
-63.2965
 30
0.0
 10
101.354
 20
-63.2965
 30
0.0
 10
100.9974
 20
-63.2965
 30
0.0
 10
100.9974
 20
-63.2965
 30
0.0
  0
SPLINE
  5
A1
330
1F
100
AcDbEntity
  8
Camada 1
 62
   250
100
AcDbSpline
210
0.0
220
0.0
230
1.0
 70
    11
 71
     3
 72
    17
 73
    13
 74
     0
 42
0.0000000001
 43
0.0000000001
 40
0.0
 40
0.0
 40
0.0
 40
0.0
 40
0.25
 40
0.25
 40
0.25
 40
0.5
 40
0.5
 40
0.5
 40
0.75
 40
0.75
 40
0.75
 40
1.0
 40
1.0
 40
1.0
 40
1.0
 10
103.1155
 20
-64.7778
 30
0.0
 10
103.1155
 20
-65.631
 30
0.0
 10
103.7988
 20
-66.3101
 30
0.0
 10
104.6393
 20
-66.3101
 30
0.0
 10
105.4585
 20
-66.3101
 30
0.0
 10
106.1588
 20
-65.6437
 30
0.0
 10
106.1588
 20
-64.7778
 30
0.0
 10
106.1588
 20
-63.9374
 30
0.0
 10
105.4882
 20
-63.254
 30
0.0
 10
104.6393
 20
-63.254
 30
0.0
 10
103.8243
 20
-63.254
 30
0.0
 10
103.1155
 20
-63.9077
 30
0.0
 10
103.1155
 20
-64.7778
 30
0.0
  0
SPLINE
  5
A2
330
1F
100
AcDbEntity
  8
Camada 1
 62
   250
100
AcDbSpline
210
0.0
220
0.0
230
1.0
 70
    11
 71
     3
 72
    17
 73
    13
 74
     0
 42
0.0000000001
 43
0.0000000001
 40
0.0
 40
0.0
 40
0.0
 40
0.0
 40
0.25
 40
0.25
 40
0.25
 40
0.5
 40
0.5
 40
0.5
 40
0.75
 40
0.75
 40
0.75
 40
1.0
 40
1.0
 40
1.0
 40
1.0
 10
103.489
 20
-64.7821
 30
0.0
 10
103.489
 20
-64.0987
 30
0.0
 10
103.9814
 20
-63.5766
 30
0.0
 10
104.6308
 20
-63.5766
 30
0.0
 10
105.2929
 20
-63.5766
 30
0.0
 10
105.7853
 20
-64.1072
 30
0.0
 10
105.7853
 20
-64.7821
 30
0.0
 10
105.7853
 20
-65.4655
 30
0.0
 10
105.2972
 20
-65.9876
 30
0.0
 10
104.6393
 20
-65.9876
 30
0.0
 10
103.9814
 20
-65.9876
 30
0.0
 10
103.489
 20
-65.4655
 30
0.0
 10
103.489
 20
-64.7821
 30
0.0
  0
ENDSEC
  0
SECTION
  2
OBJECTS
  0
DICTIONARY
  5
C
330
0
100
AcDbDictionary
281
     1
  3
ACAD_DETAILVIEWSTYLE
350
AA
  3
ACAD_GROUP
350
D
  3
ACAD_LAYOUT
350
1A
  3
ACAD_MATERIAL
350
43
  3
ACAD_MLEADERSTYLE
350
5B
  3
ACAD_MLINESTYLE
350
17
  3
ACAD_PLOTSETTINGS
350
19
  3
ACAD_PLOTSTYLENAME
350
E
  3
ACAD_SCALELIST
350
47
  3
ACAD_SECTIONVIEWSTYLE
350
AB
  3
ACAD_TABLESTYLE
350
59
  3
ACAD_VISUALSTYLE
350
2A
  3
ACDB_RECOMPOSE_DATA
350
A7
  3
AcDbVariableDictionary
350
A3
  0
SUN
  5
5D
330
29
100
AcDbSun
 90
        1
290
     0
 63
     7
421
 16777215
 40
1.0
291
     1
 91
  2455826
 92
 54000000
292
     0
 70
     2
 71
   256
280
     1
  0
DICTIONARY
  5
AA
102
{ACAD_REACTORS
330
C
102
}
330
C
100
AcDbDictionary
281
     1
  0
DICTIONARY
  5
D
102
{ACAD_REACTORS
330
C
102
}
330
C
100
AcDbDictionary
281
     1
  0
DICTIONARY
  5
1A
102
{ACAD_REACTORS
330
C
102
}
330
C
100
AcDbDictionary
281
     1
  3
Layout1
350
1E
  3
Layout2
350
26
  3
Model
350
22
  0
DICTIONARY
  5
43
102
{ACAD_REACTORS
330
C
102
}
330
C
100
AcDbDictionary
281
     1
  3
ByBlock
350
45
  3
ByLayer
350
44
  3
Global
350
46
  0
DICTIONARY
  5
5B
102
{ACAD_REACTORS
330
C
102
}
330
C
100
AcDbDictionary
281
     1
  3
Standard
350
5C
  0
DICTIONARY
  5
17
102
{ACAD_REACTORS
330
C
102
}
330
C
100
AcDbDictionary
281
     1
  3
Standard
350
18
  0
DICTIONARY
  5
19
102
{ACAD_REACTORS
330
C
102
}
330
C
100
AcDbDictionary
281
     1
  0
ACDBDICTIONARYWDFLT
  5
E
102
{ACAD_REACTORS
330
C
102
}
330
C
100
AcDbDictionary
281
     1
  3
Normal
350
F
100
AcDbDictionaryWithDefault
340
F
  0
DICTIONARY
  5
47
102
{ACAD_REACTORS
330
C
102
}
330
C
100
AcDbDictionary
281
     1
  3
A0
350
48
  3
A1
350
49
  3
A2
350
4A
  3
A3
350
4B
  3
A4
350
4C
  3
A5
350
4D
  3
A6
350
4E
  3
A7
350
4F
  3
A8
350
50
  3
A9
350
51
  3
B1
350
52
  3
B2
350
53
  3
B3
350
54
  3
B4
350
55
  3
B5
350
56
  3
B6
350
57
  3
B7
350
58
  0
DICTIONARY
  5
AB
102
{ACAD_REACTORS
330
C
102
}
330
C
100
AcDbDictionary
281
     1
  0
DICTIONARY
  5
59
102
{ACAD_REACTORS
330
C
102
}
330
C
100
AcDbDictionary
281
     1
  3
Standard
350
5A
  0
DICTIONARY
  5
2A
102
{ACAD_REACTORS
330
C
102
}
330
C
100
AcDbDictionary
281
     1
  3
2dWireframe
350
2F
  3
Basic
350
32
  3
Brighten
350
36
  3
ColorChange
350
3A
  3
Conceptual
350
34
  3
Dim
350
35
  3
EdgeColorOff
350
3D
  3
Facepattern
350
39
  3
Flat
350
2B
  3
FlatWithEdges
350
2C
  3
Gouraud
350
2D
  3
GouraudWithEdges
350
2E
  3
Hidden
350
31
  3
JitterOff
350
3B
  3
Linepattern
350
38
  3
OverhangOff
350
3C
  3
Realistic
350
33
  3
Shaded
350
42
  3
Shaded with edges
350
41
  3
Shades of Gray
350
3E
  3
Sketchy
350
3F
  3
Thicken
350
37
  3
Wireframe
350
30
  3
X-Ray
350
40
  0
XRECORD
  5
A7
102
{ACAD_REACTORS
330
C
102
}
330
C
100
AcDbXrecord
280
     1
 90
        1
330
5A
  0
DICTIONARY
  5
A3
102
{ACAD_REACTORS
330
C
102
}
330
C
100
AcDbDictionary
281
     1
  3
CANNOSCALE
350
A4
  3
CMLEADERSTYLE
350
A9
  3
CTABLESTYLE
350
A8
  0
LAYOUT
  5
1E
102
{ACAD_REACTORS
330
1A
102
}
330
1A
100
AcDbPlotSettings
  1

  2
none_device
  4

  6

 40
0.0
 41
0.0
 42
0.0
 43
0.0
 44
0.0
 45
0.0
 46
0.0
 47
0.0
 48
0.0
 49
0.0
140
0.0
141
0.0
142
1.0
143
1.0
 70
   688
 72
     0
 73
     0
 74
     5
  7

 75
    16
 76
     0
 77
     2
 78
   300
147
1.0
148
0.0
149
0.0
100
AcDbLayout
  1
Layout1
 70
     1
 71
     1
 10
0.0
 20
0.0
 11
12.0
 21
9.0
 12
0.0
 22
0.0
 32
0.0
 14
1.000000000000000E+20
 24
1.000000000000000E+20
 34
1.000000000000000E+20
 15
-1.000000000000000E+20
 25
-1.000000000000000E+20
 35
-1.000000000000000E+20
146
0.0
 13
0.0
 23
0.0
 33
0.0
 16
1.0
 26
0.0
 36
0.0
 17
0.0
 27
1.0
 37
0.0
 76
     0
330
1B
  0
LAYOUT
  5
26
102
{ACAD_REACTORS
330
1A
102
}
330
1A
100
AcDbPlotSettings
  1

  2
none_device
  4

  6

 40
0.0
 41
0.0
 42
0.0
 43
0.0
 44
0.0
 45
0.0
 46
0.0
 47
0.0
 48
0.0
 49
0.0
140
0.0
141
0.0
142
1.0
143
1.0
 70
   688
 72
     0
 73
     0
 74
     5
  7

 75
    16
 76
     0
 77
     2
 78
   300
147
1.0
148
0.0
149
0.0
100
AcDbLayout
  1
Layout2
 70
     1
 71
     2
 10
0.0
 20
0.0
 11
0.0
 21
0.0
 12
0.0
 22
0.0
 32
0.0
 14
0.0
 24
0.0
 34
0.0
 15
0.0
 25
0.0
 35
0.0
146
0.0
 13
0.0
 23
0.0
 33
0.0
 16
1.0
 26
0.0
 36
0.0
 17
0.0
 27
1.0
 37
0.0
 76
     0
330
23
  0
LAYOUT
  5
22
102
{ACAD_REACTORS
330
1A
102
}
330
1A
100
AcDbPlotSettings
  1

  2
none_device
  4
Letter_(8.50_x_11.00_Inches)
  6

 40
6.35
 41
6.35
 42
6.35000508
 43
6.35000508
 44
215.9
 45
279.4
 46
0.0
 47
0.0
 48
0.0
 49
0.0
140
0.0
141
0.0
142
1.0
143
1.0
 70
  1712
 72
     0
 73
     0
 74
     0
  7

 75
     0
 76
     0
 77
     2
 78
   300
147
1.0
148
0.0
149
0.0
100
AcDbLayout
  1
Model
 70
     1
 71
     0
 10
0.0
 20
0.0
 11
12.0
 21
9.0
 12
0.0
 22
0.0
 32
0.0
 14
49.9575
 24
-77.2819
 34
0.0
 15
109.9573
 25
-43.7721
 35
0.0
146
0.0
 13
0.0
 23
0.0
 33
0.0
 16
1.0
 26
0.0
 36
0.0
 17
0.0
 27
1.0
 37
0.0
 76
     0
330
1F
331
29
  0
MATERIAL
  5
45
102
{ACAD_REACTORS
330
43
102
}
330
43
100
AcDbMaterial
  1
ByBlock
 72
     1
 94
      127
  0
MATERIAL
  5
44
102
{ACAD_REACTORS
330
43
102
}
330
43
100
AcDbMaterial
  1
ByLayer
 72
     1
 94
      127
  0
MATERIAL
  5
46
102
{ACAD_REACTORS
330
43
102
}
330
43
100
AcDbMaterial
  1
Global
 72
     1
 94
      127
  0
MLEADERSTYLE
  5
5C
102
{ACAD_REACTORS
330
5B
102
}
330
5B
100
AcDbMLeaderStyle
179
     2
170
     2
171
     1
172
     0
 90
        2
 40
0.0
 41
0.0
173
     1
 91
-1056964608
340
14
 92
       -2
290
     1
 42
0.09
291
     1
 43
0.36
  3
Standard
341
0
 44
0.18
300

342
11
174
     1
178
     6
175
     1
176
     0
 93
-1056964608
 45
0.18
292
     0
297
     0
 46
0.18
343
0
 94
-1056964608
 47
1.0
 49
1.0
140
1.0
293
     1
141
0.0
294
     1
177
     0
142
1.0
295
     0
296
     0
143
0.125
271
     0
272
     9
273
     9
298
     0
  0
MLINESTYLE
  5
18
102
{ACAD_REACTORS
330
17
102
}
330
17
100
AcDbMlineStyle
  2
Standard
 70
     0
  3

 62
   256
 51
90.0
 52
90.0
 71
     2
 49
0.5
 62
   256
  6
BYLAYER
 49
-0.5
 62
   256
  6
BYLAYER
  0
ACDBPLACEHOLDER
  5
F
102
{ACAD_REACTORS
330
E
102
}
330
E
  0
SCALE
  5
48
102
{ACAD_REACTORS
330
47
102
}
330
47
100
AcDbScale
 70
     0
300
1:1
140
1.0
141
1.0
290
     1
  0
SCALE
  5
49
102
{ACAD_REACTORS
330
47
102
}
330
47
100
AcDbScale
 70
     0
300
1/128" = 1'-0"
140
0.0078125
141
12.0
290
     0
  0
SCALE
  5
4A
102
{ACAD_REACTORS
330
47
102
}
330
47
100
AcDbScale
 70
     0
300
1/64" = 1'-0"
140
0.015625
141
12.0
290
     0
  0
SCALE
  5
4B
102
{ACAD_REACTORS
330
47
102
}
330
47
100
AcDbScale
 70
     0
300
1/32" = 1'-0"
140
0.03125
141
12.0
290
     0
  0
SCALE
  5
4C
102
{ACAD_REACTORS
330
47
102
}
330
47
100
AcDbScale
 70
     0
300
1/16" = 1'-0"
140
0.0625
141
12.0
290
     0
  0
SCALE
  5
4D
102
{ACAD_REACTORS
330
47
102
}
330
47
100
AcDbScale
 70
     0
300
3/32" = 1'-0"
140
0.09375
141
12.0
290
     0
  0
SCALE
  5
4E
102
{ACAD_REACTORS
330
47
102
}
330
47
100
AcDbScale
 70
     0
300
1/8" = 1'-0"
140
0.125
141
12.0
290
     0
  0
SCALE
  5
4F
102
{ACAD_REACTORS
330
47
102
}
330
47
100
AcDbScale
 70
     0
300
3/16" = 1'-0"
140
0.1875
141
12.0
290
     0
  0
SCALE
  5
50
102
{ACAD_REACTORS
330
47
102
}
330
47
100
AcDbScale
 70
     0
300
1/4" = 1'-0"
140
0.25
141
12.0
290
     0
  0
SCALE
  5
51
102
{ACAD_REACTORS
330
47
102
}
330
47
100
AcDbScale
 70
     0
300
3/8" = 1'-0"
140
0.375
141
12.0
290
     0
  0
SCALE
  5
52
102
{ACAD_REACTORS
330
47
102
}
330
47
100
AcDbScale
 70
     0
300
1/2" = 1'-0"
140
0.5
141
12.0
290
     0
  0
SCALE
  5
53
102
{ACAD_REACTORS
330
47
102
}
330
47
100
AcDbScale
 70
     0
300
3/4" = 1'-0"
140
0.75
141
12.0
290
     0
  0
SCALE
  5
54
102
{ACAD_REACTORS
330
47
102
}
330
47
100
AcDbScale
 70
     0
300
1" = 1'-0"
140
1.0
141
12.0
290
     0
  0
SCALE
  5
55
102
{ACAD_REACTORS
330
47
102
}
330
47
100
AcDbScale
 70
     0
300
1-1/2" = 1'-0"
140
1.5
141
12.0
290
     0
  0
SCALE
  5
56
102
{ACAD_REACTORS
330
47
102
}
330
47
100
AcDbScale
 70
     0
300
3" = 1'-0"
140
3.0
141
12.0
290
     0
  0
SCALE
  5
57
102
{ACAD_REACTORS
330
47
102
}
330
47
100
AcDbScale
 70
     0
300
6" = 1'-0"
140
6.0
141
12.0
290
     0
  0
SCALE
  5
58
102
{ACAD_REACTORS
330
47
102
}
330
47
100
AcDbScale
 70
     0
300
1'-0" = 1'-0"
140
12.0
141
12.0
290
     0
  0
TABLESTYLE
  5
5A
102
{ACAD_REACTORS
330
59
102
}
102
{ACAD_XDICTIONARY
360
A5
102
}
330
59
100
AcDbTableStyle
  3
Standard
 70
     0
 71
     0
 40
0.06
 41
0.06
280
     0
281
     0
  7
Standard
140
0.18
170
     2
 62
     0
 63
   257
283
     0
 90
        4
 91
        0
  1

274
    -2
284
     1
 64
     0
275
    -2
285
     1
 65
     0
276
    -2
286
     1
 66
     0
277
    -2
287
     1
 67
     0
278
    -2
288
     1
 68
     0
279
    -2
289
     1
 69
     0
  7
Standard
140
0.25
170
     5
 62
     0
 63
   257
283
     0
 90
        4
 91
        0
  1

274
    -2
284
     1
 64
     0
275
    -2
285
     1
 65
     0
276
    -2
286
     1
 66
     0
277
    -2
287
     1
 67
     0
278
    -2
288
     1
 68
     0
279
    -2
289
     1
 69
     0
  7
Standard
140
0.18
170
     5
 62
     0
 63
   257
283
     0
 90
        4
 91
        0
  1

274
    -2
284
     1
 64
     0
275
    -2
285
     1
 65
     0
276
    -2
286
     1
 66
     0
277
    -2
287
     1
 67
     0
278
    -2
288
     1
 68
     0
279
    -2
289
     1
 69
     0
  0
VISUALSTYLE
  5
2F
102
{ACAD_REACTORS
330
2A
102
}
330
2A
100
AcDbVisualStyle
  2
2dWireframe
 70
     4
177
     3
291
     0
 70
    58
 90
        0
176
     1
 90
        2
176
     1
 90
        0
176
     1
 90
        0
176
     1
 40
0.6
176
     1
 40
30.0
176
     1
 62
     7
420
 16777215
176
     1
 90
        1
176
     1
 90
        4
176
     1
 62
     7
176
     1
 62
   257
176
     1
 90
        1
176
     1
 90
        1
176
     1
 40
1.0
176
     1
 90
        0
176
     1
 62
   257
176
     1
 40
1.0
176
     1
 90
        1
176
     1
 90
        6
176
     1
 90
        2
176
     1
 62
     7
176
     1
 90
        5
176
     1
 90
        0
176
     1
 90
        0
176
     1
290
     0
176
     1
 90
        1
176
     1
 40
0.0
176
     1
 90
        0
176
     1
290
     1
176
     1
290
     1
176
     1
290
     0
176
     1
290
     0
176
     1
290
     0
176
     1
290
     0
176
     1
290
     0
176
     1
290
     0
176
     1
290
     0
176
     1
 90
       50
176
     1
 40
0.0
176
     1
 40
1.0
176
     1
 90
        0
176
     1
 62
    18
420
        0
176
     1
 90
       50
176
     1
 90
        3
176
     1
 62
     5
420
      255
176
     1
290
     0
176
     1
 90
       50
176
     1
 90
       50
176
     1
 90
       50
176
     1
290
     0
176
     1
 90
       50
176
     1
 62
   256
176
     0
 40
1.0
176
     0
 90
        2
176
     1
  1
strokes_ogs.tif
176
     1
290
     0
176
     1
 40
1.0
176
     1
 40
1.0
176
     1
  0
VISUALSTYLE
  5
32
102
{ACAD_REACTORS
330
2A
102
}
330
2A
100
AcDbVisualStyle
  2
Basic
 70
     7
177
     3
291
     1
 70
    58
 90
        1
176
     1
 90
        0
176
     1
 90
        1
176
     1
 90
        0
176
     1
 40
0.6
176
     1
 40
30.0
176
     1
 62
     7
420
 16777215
176
     1
 90
        0
176
     1
 90
        4
176
     1
 62
     7
176
     1
 62
   257
176
     1
 90
        1
176
     1
 90
        1
176
     1
 40
1.0
176
     1
 90
        8
176
     1
 62
     7
176
     1
 40
1.0
176
     1
 90
        1
176
     1
 90
        6
176
     1
 90
        2
176
     1
 62
     7
176
     1
 90
        5
176
     1
 90
        0
176
     1
 90
        0
176
     1
290
     0
176
     1
 90
        1
176
     1
 40
0.0
176
     1
 90
        0
176
     1
290
     0
176
     1
290
     1
176
     1
290
     1
176
     1
290
     0
176
     1
290
     0
176
     1
290
     0
176
     1
290
     0
176
     1
290
     0
176
     1
290
     0
176
     1
 90
       50
176
     1
 40
0.0
176
     1
 40
1.0
176
     1
 90
        0
176
     1
 62
    18
420
        0
176
     1
 90
       50
176
     1
 90
        3
176
     1
 62
     5
420
      255
176
     1
290
     0
176
     1
 90
       50
176
     1
 90
       50
176
     1
 90
       50
176
     1
290
     0
176
     1
 90
       50
176
     1
 62
   256
176
     0
 40
1.0
176
     0
 90
        2
176
     1
  1
strokes_ogs.tif
176
     1
290
     0
176
     1
 40
1.0
176
     1
 40
1.0
176
     1
  0
VISUALSTYLE
  5
36
102
{ACAD_REACTORS
330
2A
102
}
330
2A
100
AcDbVisualStyle
  2
Brighten
 70
    12
177
     3
291
     1
 70
    58
 90
        2
176
     1
 90
        2
176
     1
 90
        0
176
     1
 90
        0
176
     1
 40
0.6
176
     1
 40
30.0
176
     1
 62
     7
420
 16777215
176
     1
 90
        1
176
     1
 90
        4
176
     1
 62
     7
176
     1
 62
   257
176
     1
 90
        1
176
     1
 90
        1
176
     1
 40
1.0
176
     1
 90
        8
176
     1
 62
     7
176
     1
 40
1.0
176
     1
 90
        1
176
     1
 90
        6
176
     1
 90
        2
176
     1
 62
     7
176
     1
 90
        5
176
     1
 90
        0
176
     1
 90
        0
176
     1
290
     0
176
     1
 90
        1
176
     1
 40
50.0
176
     1
 90
        0
176
     1
290
     0
176
     1
290
     1
176
     1
290
     1
176
     1
290
     0
176
     1
290
     0
176
     1
290
     0
176
     1
290
     0
176
     1
290
     0
176
     1
290
     0
176
     1
 90
       50
176
     1
 40
0.0
176
     1
 40
1.0
176
     1
 90
        0
176
     1
 62
    18
420
        0
176
     1
 90
       50
176
     1
 90
        3
176
     1
 62
     5
420
      255
176
     1
290
     0
176
     1
 90
       50
176
     1
 90
       50
176
     1
 90
       50
176
     1
290
     0
176
     1
 90
       50
176
     1
 62
   256
176
     0
 40
1.0
176
     0
 90
        2
176
     1
  1
strokes_ogs.tif
176
     1
290
     0
176
     1
 40
1.0
176
     1
 40
1.0
176
     1
  0
VISUALSTYLE
  5
3A
102
{ACAD_REACTORS
330
2A
102
}
330
2A
100
AcDbVisualStyle
  2
ColorChange
 70
    16
177
     3
291
     1
 70
    58
 90
        2
176
     1
 90
        2
176
     1
 90
        3
176
     1
 90
        0
176
     1
 40
0.6
176
     1
 40
30.0
176
     1
 62
     8
420
  8421504
176
     1
 90
        1
176
     1
 90
        4
176
     1
 62
     7
176
     1
 62
   257
176
     1
 90
        1
176
     1
 90
        1
176
     1
 40
1.0
176
     1
 90
        8
176
     1
 62
     8
420
  8421504
176
     1
 40
1.0
176
     1
 90
        1
176
     1
 90
        6
176
     1
 90
        2
176
     1
 62
     7
176
     1
 90
        5
176
     1
 90
        0
176
     1
 90
        0
176
     1
290
     0
176
     1
 90
        1
176
     1
 40
0.0
176
     1
 90
        0
176
     1
290
     0
176
     1
290
     1
176
     1
290
     1
176
     1
290
     0
176
     1
290
     0
176
     1
290
     0
176
     1
290
     0
176
     1
290
     0
176
     1
290
     0
176
     1
 90
       50
176
     1
 40
0.0
176
     1
 40
1.0
176
     1
 90
        0
176
     1
 62
    18
420
        0
176
     1
 90
       50
176
     1
 90
        3
176
     1
 62
     5
420
      255
176
     1
290
     0
176
     1
 90
       50
176
     1
 90
       50
176
     1
 90
       50
176
     1
290
     0
176
     1
 90
       50
176
     1
 62
   256
176
     0
 40
1.0
176
     0
 90
        2
176
     1
  1
strokes_ogs.tif
176
     1
290
     0
176
     1
 40
1.0
176
     1
 40
1.0
176
     1
  0
VISUALSTYLE
  5
34
102
{ACAD_REACTORS
330
2A
102
}
330
2A
100
AcDbVisualStyle
  2
Conceptual
 70
     9
177
     3
291
     0
 70
    58
 90
        3
176
     1
 90
        2
176
     1
 90
        0
176
     1
 90
        0
176
     1
 40
0.6
176
     1
 40
30.0
176
     1
 62
     7
420
 16777215
176
     1
 90
        2
176
     1
 90
        2
176
     1
 62
     7
176
     1
 62
   257
176
     1
 90
        1
176
     1
 90
        1
176
     1
 40
179.0
176
     1
 90
        8
176
     1
 62
     7
176
     1
 40
1.0
176
     1
 90
        1
176
     1
 90
        6
176
     1
 90
        2
176
     1
 62
     7
176
     1
 90
        3
176
     1
 90
        0
176
     1
 90
        0
176
     1
290
     0
176
     1
 90
        1
176
     1
 40
0.0
176
     1
 90
        0
176
     1
290
     0
176
     1
290
     1
176
     1
290
     1
176
     1
290
     0
176
     1
290
     0
176
     1
290
     0
176
     1
290
     0
176
     1
290
     0
176
     1
290
     0
176
     1
 90
       50
176
     1
 40
0.0
176
     1
 40
1.0
176
     1
 90
        0
176
     1
 62
    18
420
        0
176
     1
 90
       50
176
     1
 90
        3
176
     1
 62
     5
420
      255
176
     1
290
     0
176
     1
 90
       50
176
     1
 90
       50
176
     1
 90
       50
176
     1
290
     0
176
     1
 90
       50
176
     1
 62
   256
176
     0
 40
1.0
176
     0
 90
        2
176
     1
  1
strokes_ogs.tif
176
     1
290
     0
176
     1
 40
1.0
176
     1
 40
1.0
176
     1
  0
VISUALSTYLE
  5
35
102
{ACAD_REACTORS
330
2A
102
}
330
2A
100
AcDbVisualStyle
  2
Dim
 70
    11
177
     3
291
     1
 70
    58
 90
        2
176
     1
 90
        2
176
     1
 90
        0
176
     1
 90
        0
176
     1
 40
0.6
176
     1
 40
30.0
176
     1
 62
     7
420
 16777215
176
     1
 90
        1
176
     1
 90
        4
176
     1
 62
     7
176
     1
 62
   257
176
     1
 90
        1
176
     1
 90
        1
176
     1
 40
1.0
176
     1
 90
        8
176
     1
 62
     7
176
     1
 40
1.0
176
     1
 90
        1
176
     1
 90
        6
176
     1
 90
        2
176
     1
 62
     7
176
     1
 90
        5
176
     1
 90
        0
176
     1
 90
        0
176
     1
290
     0
176
     1
 90
        1
176
     1
 40
-50.0
176
     1
 90
        0
176
     1
290
     0
176
     1
290
     1
176
     1
290
     1
176
     1
290
     0
176
     1
290
     0
176
     1
290
     0
176
     1
290
     0
176
     1
290
     0
176
     1
290
     0
176
     1
 90
       50
176
     1
 40
0.0
176
     1
 40
1.0
176
     1
 90
        0
176
     1
 62
    18
420
        0
176
     1
 90
       50
176
     1
 90
        3
176
     1
 62
     5
420
      255
176
     1
290
     0
176
     1
 90
       50
176
     1
 90
       50
176
     1
 90
       50
176
     1
290
     0
176
     1
 90
       50
176
     1
 62
   256
176
     0
 40
1.0
176
     0
 90
        2
176
     1
  1
strokes_ogs.tif
176
     1
290
     0
176
     1
 40
1.0
176
     1
 40
1.0
176
     1
  0
VISUALSTYLE
  5
3D
102
{ACAD_REACTORS
330
2A
102
}
330
2A
100
AcDbVisualStyle
  2
EdgeColorOff
 70
    22
177
     3
291
     1
 70
    58
 90
        2
176
     0
 90
        2
176
     0
 90
        0
176
     0
 90
        0
176
     0
 40
0.6
176
     0
 40
30.0
176
     0
 62
     7
420
 16777215
176
     0
 90
        1
176
     0
 90
        4
176
     0
 62
     7
176
     0
 62
   257
176
     0
 90
        1
176
     0
 90
        1
176
     0
 40
1.0
176
     0
 90
        8
176
     2
 62
     7
176
     0
 40
1.0
176
     0
 90
        1
176
     0
 90
        6
176
     0
 90
        2
176
     0
 62
     7
176
     0
 90
        5
176
     0
 90
        0
176
     0
 90
        0
176
     0
290
     0
176
     0
 90
        1
176
     0
 40
0.0
176
     0
 90
        0
176
     0
290
     0
176
     0
290
     1
176
     0
290
     1
176
     0
290
     0
176
     0
290
     0
176
     0
290
     0
176
     0
290
     0
176
     0
290
     0
176
     0
290
     0
176
     0
 90
       50
176
     0
 40
0.0
176
     0
 40
1.0
176
     0
 90
        0
176
     0
 62
    18
420
        0
176
     0
 90
       50
176
     0
 90
        3
176
     0
 62
     5
420
      255
176
     0
290
     0
176
     0
 90
       50
176
     0
 90
       50
176
     0
 90
       50
176
     0
290
     0
176
     0
 90
       50
176
     0
 62
   256
176
     0
 40
1.0
176
     0
 90
        2
176
     0
  1
strokes_ogs.tif
176
     0
290
     0
176
     0
 40
1.0
176
     0
 40
1.0
176
     0
  0
VISUALSTYLE
  5
39
102
{ACAD_REACTORS
330
2A
102
}
330
2A
100
AcDbVisualStyle
  2
Facepattern
 70
    15
177
     3
291
     1
 70
    58
 90
        2
176
     1
 90
        2
176
     1
 90
        0
176
     1
 90
        0
176
     1
 40
0.6
176
     1
 40
30.0
176
     1
 62
     7
420
 16777215
176
     1
 90
        1
176
     1
 90
        4
176
     1
 62
     7
176
     1
 62
   257
176
     1
 90
        1
176
     1
 90
        1
176
     1
 40
1.0
176
     1
 90
        8
176
     1
 62
     7
176
     1
 40
1.0
176
     1
 90
        1
176
     1
 90
        6
176
     1
 90
        2
176
     1
 62
     7
176
     1
 90
        5
176
     1
 90
        0
176
     1
 90
        0
176
     1
290
     0
176
     1
 90
        1
176
     1
 40
0.0
176
     1
 90
        0
176
     1
290
     0
176
     1
290
     1
176
     1
290
     1
176
     1
290
     0
176
     1
290
     0
176
     1
290
     0
176
     1
290
     0
176
     1
290
     0
176
     1
290
     0
176
     1
 90
       50
176
     1
 40
0.0
176
     1
 40
1.0
176
     1
 90
        0
176
     1
 62
    18
420
        0
176
     1
 90
       50
176
     1
 90
        3
176
     1
 62
     5
420
      255
176
     1
290
     0
176
     1
 90
       50
176
     1
 90
       50
176
     1
 90
       50
176
     1
290
     0
176
     1
 90
       50
176
     1
 62
   256
176
     0
 40
1.0
176
     0
 90
        2
176
     1
  1
strokes_ogs.tif
176
     1
290
     0
176
     1
 40
1.0
176
     1
 40
1.0
176
     1
  0
VISUALSTYLE
  5
2B
102
{ACAD_REACTORS
330
2A
102
}
330
2A
100
AcDbVisualStyle
  2
Flat
 70
     0
177
     3
291
     1
 70
    58
 90
        2
176
     1
 90
        1
176
     1
 90
        1
176
     1
 90
        2
176
     1
 40
0.6
176
     1
 40
30.0
176
     1
 62
     7
420
 16777215
176
     1
 90
        0
176
     1
 90
        0
176
     1
 62
     7
176
     1
 62
   257
176
     1
 90
        1
176
     1
 90
        1
176
     1
 40
1.0
176
     1
 90
        8
176
     1
 62
     7
176
     1
 40
1.0
176
     1
 90
        1
176
     1
 90
        6
176
     1
 90
        2
176
     1
 62
     7
176
     1
 90
        5
176
     1
 90
        0
176
     1
 90
        0
176
     1
290
     0
176
     1
 90
       13
176
     1
 40
0.0
176
     1
 90
        0
176
     1
290
     0
176
     1
290
     1
176
     1
290
     1
176
     1
290
     0
176
     1
290
     0
176
     1
290
     0
176
     1
290
     0
176
     1
290
     0
176
     1
290
     0
176
     1
 90
       50
176
     1
 40
0.0
176
     1
 40
1.0
176
     1
 90
        0
176
     1
 62
    18
420
        0
176
     1
 90
       50
176
     1
 90
        3
176
     1
 62
     5
420
      255
176
     1
290
     0
176
     1
 90
       50
176
     1
 90
       50
176
     1
 90
       50
176
     1
290
     0
176
     1
 90
       50
176
     1
 62
   256
176
     0
 40
1.0
176
     0
 90
        2
176
     1
  1
strokes_ogs.tif
176
     1
290
     0
176
     1
 40
1.0
176
     1
 40
1.0
176
     1
  0
VISUALSTYLE
  5
2C
102
{ACAD_REACTORS
330
2A
102
}
330
2A
100
AcDbVisualStyle
  2
FlatWithEdges
 70
     1
177
     3
291
     1
 70
    58
 90
        2
176
     1
 90
        1
176
     1
 90
        1
176
     1
 90
        2
176
     1
 40
0.6
176
     1
 40
30.0
176
     1
 62
     7
420
 16777215
176
     1
 90
        1
176
     1
 90
        0
176
     1
 62
     7
176
     1
 62
   257
176
     1
 90
        1
176
     1
 90
        1
176
     1
 40
1.0
176
     1
 90
        0
176
     1
 62
   257
176
     1
 40
1.0
176
     1
 90
        1
176
     1
 90
        6
176
     1
 90
        2
176
     1
 62
     7
176
     1
 90
        5
176
     1
 90
        0
176
     1
 90
        0
176
     1
290
     0
176
     1
 90
       13
176
     1
 40
0.0
176
     1
 90
        0
176
     1
290
     0
176
     1
290
     1
176
     1
290
     1
176
     1
290
     0
176
     1
290
     0
176
     1
290
     0
176
     1
290
     0
176
     1
290
     0
176
     1
290
     0
176
     1
 90
       50
176
     1
 40
0.0
176
     1
 40
1.0
176
     1
 90
        0
176
     1
 62
    18
420
        0
176
     1
 90
       50
176
     1
 90
        3
176
     1
 62
     5
420
      255
176
     1
290
     0
176
     1
 90
       50
176
     1
 90
       50
176
     1
 90
       50
176
     1
290
     0
176
     1
 90
       50
176
     1
 62
   256
176
     0
 40
1.0
176
     0
 90
        2
176
     1
  1
strokes_ogs.tif
176
     1
290
     0
176
     1
 40
1.0
176
     1
 40
1.0
176
     1
  0
VISUALSTYLE
  5
2D
102
{ACAD_REACTORS
330
2A
102
}
330
2A
100
AcDbVisualStyle
  2
Gouraud
 70
     2
177
     3
291
     1
 70
    58
 90
        2
176
     1
 90
        2
176
     1
 90
        1
176
     1
 90
        2
176
     1
 40
0.6
176
     1
 40
30.0
176
     1
 62
     7
420
 16777215
176
     1
 90
        0
176
     1
 90
        0
176
     1
 62
     7
176
     1
 62
   257
176
     1
 90
        1
176
     1
 90
        1
176
     1
 40
1.0
176
     1
 90
        0
176
     1
 62
     7
176
     1
 40
1.0
176
     1
 90
        1
176
     1
 90
        6
176
     1
 90
        2
176
     1
 62
     7
176
     1
 90
        5
176
     1
 90
        0
176
     1
 90
        0
176
     1
290
     0
176
     1
 90
       13
176
     1
 40
0.0
176
     1
 90
        0
176
     1
290
     0
176
     1
290
     1
176
     1
290
     1
176
     1
290
     0
176
     1
290
     0
176
     1
290
     0
176
     1
290
     0
176
     1
290
     0
176
     1
290
     0
176
     1
 90
       50
176
     1
 40
0.0
176
     1
 40
1.0
176
     1
 90
        0
176
     1
 62
    18
420
        0
176
     1
 90
       50
176
     1
 90
        3
176
     1
 62
     5
420
      255
176
     1
290
     0
176
     1
 90
       50
176
     1
 90
       50
176
     1
 90
       50
176
     1
290
     0
176
     1
 90
       50
176
     1
 62
   256
176
     0
 40
1.0
176
     0
 90
        2
176
     1
  1
strokes_ogs.tif
176
     1
290
     0
176
     1
 40
1.0
176
     1
 40
1.0
176
     1
  0
VISUALSTYLE
  5
2E
102
{ACAD_REACTORS
330
2A
102
}
330
2A
100
AcDbVisualStyle
  2
GouraudWithEdges
 70
     3
177
     3
291
     1
 70
    58
 90
        2
176
     1
 90
        2
176
     1
 90
        1
176
     1
 90
        2
176
     1
 40
0.6
176
     1
 40
30.0
176
     1
 62
     7
420
 16777215
176
     1
 90
        1
176
     1
 90
        0
176
     1
 62
     7
176
     1
 62
   257
176
     1
 90
        1
176
     1
 90
        1
176
     1
 40
1.0
176
     1
 90
        0
176
     1
 62
   257
176
     1
 40
1.0
176
     1
 90
        1
176
     1
 90
        6
176
     1
 90
        2
176
     1
 62
     7
176
     1
 90
        5
176
     1
 90
        0
176
     1
 90
        0
176
     1
290
     0
176
     1
 90
       13
176
     1
 40
0.0
176
     1
 90
        0
176
     1
290
     0
176
     1
290
     1
176
     1
290
     1
176
     1
290
     0
176
     1
290
     0
176
     1
290
     0
176
     1
290
     0
176
     1
290
     0
176
     1
290
     0
176
     1
 90
       50
176
     1
 40
0.0
176
     1
 40
1.0
176
     1
 90
        0
176
     1
 62
    18
420
        0
176
     1
 90
       50
176
     1
 90
        3
176
     1
 62
     5
420
      255
176
     1
290
     0
176
     1
 90
       50
176
     1
 90
       50
176
     1
 90
       50
176
     1
290
     0
176
     1
 90
       50
176
     1
 62
   256
176
     0
 40
1.0
176
     0
 90
        2
176
     1
  1
strokes_ogs.tif
176
     1
290
     0
176
     1
 40
1.0
176
     1
 40
1.0
176
     1
  0
VISUALSTYLE
  5
31
102
{ACAD_REACTORS
330
2A
102
}
330
2A
100
AcDbVisualStyle
  2
Hidden
 70
     6
177
     3
291
     0
 70
    58
 90
        1
176
     1
 90
        2
176
     1
 90
        2
176
     1
 90
        0
176
     1
 40
0.6
176
     1
 40
30.0
176
     1
 62
     7
420
 16777215
176
     1
 90
        2
176
     1
 90
        2
176
     1
 62
     7
176
     1
 62
   257
176
     1
 90
        2
176
     1
 90
        1
176
     1
 40
40.0
176
     1
 90
        0
176
     1
 62
   257
176
     1
 40
1.0
176
     1
 90
        1
176
     1
 90
        6
176
     1
 90
        2
176
     1
 62
     7
176
     1
 90
        3
176
     1
 90
        0
176
     1
 90
        0
176
     1
290
     0
176
     1
 90
        1
176
     1
 40
0.0
176
     1
 90
        0
176
     1
290
     0
176
     1
290
     1
176
     1
290
     1
176
     1
290
     0
176
     1
290
     0
176
     1
290
     0
176
     1
290
     0
176
     1
290
     0
176
     1
290
     0
176
     1
 90
       50
176
     1
 40
0.0
176
     1
 40
1.0
176
     1
 90
        0
176
     1
 62
    18
420
        0
176
     1
 90
       50
176
     1
 90
        3
176
     1
 62
     5
420
      255
176
     1
290
     0
176
     1
 90
       50
176
     1
 90
       50
176
     1
 90
       50
176
     1
290
     0
176
     1
 90
       50
176
     1
 62
   256
176
     0
 40
1.0
176
     0
 90
        2
176
     1
  1
strokes_ogs.tif
176
     1
290
     0
176
     1
 40
1.0
176
     1
 40
1.0
176
     1
  0
VISUALSTYLE
  5
3B
102
{ACAD_REACTORS
330
2A
102
}
330
2A
100
AcDbVisualStyle
  2
JitterOff
 70
    20
177
     3
291
     1
 70
    58
 90
        2
176
     0
 90
        2
176
     0
 90
        0
176
     0
 90
        0
176
     0
 40
0.6
176
     0
 40
30.0
176
     0
 62
     7
420
 16777215
176
     0
 90
        1
176
     0
 90
        4
176
     0
 62
     7
176
     0
 62
   257
176
     0
 90
        1
176
     0
 90
        1
176
     0
 40
1.0
176
     0
 90
       10
176
     2
 62
     7
176
     0
 40
1.0
176
     0
 90
        1
176
     0
 90
        6
176
     0
 90
        2
176
     0
 62
     7
176
     0
 90
        5
176
     0
 90
        0
176
     0
 90
        0
176
     0
290
     0
176
     0
 90
        1
176
     0
 40
0.0
176
     0
 90
        0
176
     0
290
     0
176
     0
290
     1
176
     0
290
     1
176
     0
290
     0
176
     0
290
     0
176
     0
290
     0
176
     0
290
     0
176
     0
290
     0
176
     0
290
     0
176
     0
 90
       50
176
     0
 40
0.0
176
     0
 40
1.0
176
     0
 90
        0
176
     0
 62
    18
420
        0
176
     0
 90
       50
176
     0
 90
        3
176
     0
 62
     5
420
      255
176
     0
290
     0
176
     0
 90
       50
176
     0
 90
       50
176
     0
 90
       50
176
     0
290
     0
176
     0
 90
       50
176
     0
 62
   256
176
     0
 40
1.0
176
     0
 90
        2
176
     0
  1
strokes_ogs.tif
176
     0
290
     0
176
     0
 40
1.0
176
     0
 40
1.0
176
     0
  0
VISUALSTYLE
  5
38
102
{ACAD_REACTORS
330
2A
102
}
330
2A
100
AcDbVisualStyle
  2
Linepattern
 70
    14
177
     3
291
     1
 70
    58
 90
        2
176
     1
 90
        2
176
     1
 90
        0
176
     1
 90
        0
176
     1
 40
0.6
176
     1
 40
30.0
176
     1
 62
     7
420
 16777215
176
     1
 90
        1
176
     1
 90
        4
176
     1
 62
     7
176
     1
 62
   257
176
     1
 90
        7
176
     1
 90
        7
176
     1
 40
1.0
176
     1
 90
        8
176
     1
 62
     7
176
     1
 40
1.0
176
     1
 90
        1
176
     1
 90
        6
176
     1
 90
        2
176
     1
 62
     7
176
     1
 90
        5
176
     1
 90
        0
176
     1
 90
        0
176
     1
290
     0
176
     1
 90
        1
176
     1
 40
0.0
176
     1
 90
        0
176
     1
290
     0
176
     1
290
     1
176
     1
290
     1
176
     1
290
     0
176
     1
290
     0
176
     1
290
     0
176
     1
290
     0
176
     1
290
     0
176
     1
290
     0
176
     1
 90
       50
176
     1
 40
0.0
176
     1
 40
1.0
176
     1
 90
        0
176
     1
 62
    18
420
        0
176
     1
 90
       50
176
     1
 90
        3
176
     1
 62
     5
420
      255
176
     1
290
     0
176
     1
 90
       50
176
     1
 90
       50
176
     1
 90
       50
176
     1
290
     0
176
     1
 90
       50
176
     1
 62
   256
176
     0
 40
1.0
176
     0
 90
        2
176
     1
  1
strokes_ogs.tif
176
     1
290
     0
176
     1
 40
1.0
176
     1
 40
1.0
176
     1
  0
VISUALSTYLE
  5
3C
102
{ACAD_REACTORS
330
2A
102
}
330
2A
100
AcDbVisualStyle
  2
OverhangOff
 70
    21
177
     3
291
     1
 70
    58
 90
        2
176
     0
 90
        2
176
     0
 90
        0
176
     0
 90
        0
176
     0
 40
0.6
176
     0
 40
30.0
176
     0
 62
     7
420
 16777215
176
     0
 90
        1
176
     0
 90
        4
176
     0
 62
     7
176
     0
 62
   257
176
     0
 90
        1
176
     0
 90
        1
176
     0
 40
1.0
176
     0
 90
        9
176
     2
 62
     7
176
     0
 40
1.0
176
     0
 90
        1
176
     0
 90
        6
176
     0
 90
        2
176
     0
 62
     7
176
     0
 90
        5
176
     0
 90
        0
176
     0
 90
        0
176
     0
290
     0
176
     0
 90
        1
176
     0
 40
0.0
176
     0
 90
        0
176
     0
290
     0
176
     0
290
     1
176
     0
290
     1
176
     0
290
     0
176
     0
290
     0
176
     0
290
     0
176
     0
290
     0
176
     0
290
     0
176
     0
290
     0
176
     0
 90
       50
176
     0
 40
0.0
176
     0
 40
1.0
176
     0
 90
        0
176
     0
 62
    18
420
        0
176
     0
 90
       50
176
     0
 90
        3
176
     0
 62
     5
420
      255
176
     0
290
     0
176
     0
 90
       50
176
     0
 90
       50
176
     0
 90
       50
176
     0
290
     0
176
     0
 90
       50
176
     0
 62
   256
176
     0
 40
1.0
176
     0
 90
        2
176
     0
  1
strokes_ogs.tif
176
     0
290
     0
176
     0
 40
1.0
176
     0
 40
1.0
176
     0
  0
VISUALSTYLE
  5
33
102
{ACAD_REACTORS
330
2A
102
}
330
2A
100
AcDbVisualStyle
  2
Realistic
 70
     8
177
     3
291
     0
 70
    58
 90
        2
176
     1
 90
        3
176
     1
 90
        0
176
     1
 90
        2
176
     1
 40
0.6
176
     1
 40
30.0
176
     1
 62
     7
420
 16777215
176
     1
 90
        0
176
     1
 90
        0
176
     1
 62
     7
176
     1
 62
   257
176
     1
 90
        1
176
     1
 90
        1
176
     1
 40
1.0
176
     1
 90
        8
176
     1
 62
   257
176
     1
 40
1.0
176
     1
 90
        1
176
     1
 90
        6
176
     1
 90
        2
176
     1
 62
     7
176
     1
 90
        3
176
     1
 90
        0
176
     1
 90
        0
176
     1
290
     0
176
     1
 90
       13
176
     1
 40
0.0
176
     1
 90
        0
176
     1
290
     0
176
     1
290
     1
176
     1
290
     1
176
     1
290
     0
176
     1
290
     0
176
     1
290
     0
176
     1
290
     0
176
     1
290
     0
176
     1
290
     0
176
     1
 90
       50
176
     1
 40
0.0
176
     1
 40
1.0
176
     1
 90
        0
176
     1
 62
    18
420
        0
176
     1
 90
       50
176
     1
 90
        3
176
     1
 62
     5
420
      255
176
     1
290
     0
176
     1
 90
       50
176
     1
 90
       50
176
     1
 90
       50
176
     1
290
     0
176
     1
 90
       50
176
     1
 62
   256
176
     0
 40
1.0
176
     0
 90
        2
176
     1
  1
strokes_ogs.tif
176
     1
290
     0
176
     1
 40
1.0
176
     1
 40
1.0
176
     1
  0
VISUALSTYLE
  5
42
102
{ACAD_REACTORS
330
2A
102
}
330
2A
100
AcDbVisualStyle
  2
Shaded
 70
    27
177
     3
291
     0
 70
    58
 90
        2
176
     1
 90
        2
176
     1
 90
        1
176
     1
 90
        2
176
     1
 40
0.6
176
     1
 40
30.0
176
     1
 62
     7
420
 16777215
176
     1
 90
        0
176
     1
 90
        4
176
     1
 62
     7
176
     1
 62
   257
176
     1
 90
        1
176
     1
 90
        1
176
     1
 40
1.0
176
     1
 90
        8
176
     1
 62
   257
176
     1
 40
1.0
176
     1
 90
        1
176
     1
 90
        6
176
     1
 90
        2
176
     1
 62
     8
420
  7895160
176
     1
 90
        3
176
     1
 90
        0
176
     1
 90
        0
176
     1
290
     0
176
     1
 90
        5
176
     1
 40
0.0
176
     1
 90
        0
176
     1
290
     0
176
     1
290
     1
176
     1
290
     1
176
     1
290
     0
176
     1
290
     0
176
     1
290
     0
176
     1
290
     0
176
     1
290
     0
176
     1
290
     0
176
     1
 90
       50
176
     1
 40
0.0
176
     1
 40
1.0
176
     1
 90
        0
176
     1
 62
    18
420
        0
176
     1
 90
       50
176
     1
 90
        3
176
     1
 62
     5
420
      255
176
     1
290
     0
176
     1
 90
       50
176
     1
 90
       50
176
     1
 90
       50
176
     1
290
     0
176
     1
 90
       50
176
     1
 62
   256
176
     0
 40
1.0
176
     0
 90
        2
176
     1
  1
strokes_ogs.tif
176
     1
290
     0
176
     1
 40
1.0
176
     1
 40
1.0
176
     1
  0
VISUALSTYLE
  5
41
102
{ACAD_REACTORS
330
2A
102
}
330
2A
100
AcDbVisualStyle
  2
Shaded with edges
 70
    26
177
     3
291
     0
 70
    58
 90
        2
176
     1
 90
        2
176
     1
 90
        1
176
     1
 90
        2
176
     1
 40
0.6
176
     1
 40
30.0
176
     1
 62
     7
420
 16777215
176
     1
 90
        1
176
     1
 90
       10
176
     1
 62
     7
176
     1
 62
   257
176
     1
 90
        2
176
     1
 90
        1
176
     1
 40
1.0
176
     1
 90
        8
176
     1
 62
   257
176
     1
 40
1.0
176
     1
 90
        1
176
     1
 90
        6
176
     1
 90
        2
176
     1
 62
     7
176
     1
 90
        3
176
     1
 90
        0
176
     1
 90
        0
176
     1
290
     0
176
     1
 90
        5
176
     1
 40
0.0
176
     1
 90
        0
176
     1
290
     0
176
     1
290
     1
176
     1
290
     1
176
     1
290
     0
176
     1
290
     0
176
     1
290
     0
176
     1
290
     0
176
     1
290
     0
176
     1
290
     0
176
     1
 90
       50
176
     1
 40
0.0
176
     1
 40
1.0
176
     1
 90
        0
176
     1
 62
    18
420
        0
176
     1
 90
       50
176
     1
 90
        3
176
     1
 62
     5
420
      255
176
     1
290
     0
176
     1
 90
       50
176
     1
 90
       50
176
     1
 90
       50
176
     1
290
     0
176
     1
 90
       50
176
     1
 62
   256
176
     0
 40
1.0
176
     0
 90
        2
176
     1
  1
strokes_ogs.tif
176
     1
290
     0
176
     1
 40
1.0
176
     1
 40
1.0
176
     1
  0
VISUALSTYLE
  5
3E
102
{ACAD_REACTORS
330
2A
102
}
330
2A
100
AcDbVisualStyle
  2
Shades of Gray
 70
    23
177
     3
291
     0
 70
    58
 90
        2
176
     1
 90
        2
176
     1
 90
        3
176
     1
 90
        0
176
     1
 40
0.6
176
     1
 40
30.0
176
     1
 62
     7
420
 16777215
176
     1
 90
        2
176
     1
 90
        2
176
     1
 62
     7
176
     1
 62
     7
176
     1
 90
        1
176
     1
 90
        1
176
     1
 40
40.0
176
     1
 90
        8
176
     1
 62
     7
176
     1
 40
1.0
176
     1
 90
        1
176
     1
 90
        6
176
     1
 90
        2
176
     1
 62
     7
176
     1
 90
        3
176
     1
 90
        0
176
     1
 90
        0
176
     1
290
     0
176
     1
 90
        1
176
     1
 40
0.0
176
     1
 90
        0
176
     1
290
     0
176
     1
290
     1
176
     1
290
     1
176
     1
290
     0
176
     1
290
     0
176
     1
290
     0
176
     1
290
     0
176
     1
290
     0
176
     1
290
     0
176
     1
 90
       50
176
     1
 40
0.0
176
     1
 40
1.0
176
     1
 90
        0
176
     1
 62
    18
420
        0
176
     1
 90
       50
176
     1
 90
        3
176
     1
 62
     5
420
      255
176
     1
290
     0
176
     1
 90
       50
176
     1
 90
       50
176
     1
 90
       50
176
     1
290
     0
176
     1
 90
       50
176
     1
 62
   256
176
     0
 40
1.0
176
     0
 90
        2
176
     1
  1
strokes_ogs.tif
176
     1
290
     0
176
     1
 40
1.0
176
     1
 40
1.0
176
     1
  0
VISUALSTYLE
  5
3F
102
{ACAD_REACTORS
330
2A
102
}
330
2A
100
AcDbVisualStyle
  2
Sketchy
 70
    24
177
     3
291
     0
 70
    58
 90
        1
176
     1
 90
        2
176
     1
 90
        2
176
     1
 90
        0
176
     1
 40
0.6
176
     1
 40
30.0
176
     1
 62
     7
420
 16777215
176
     1
 90
        2
176
     1
 90
        2
176
     1
 62
     7
176
     1
 62
     7
176
     1
 90
        1
176
     1
 90
        1
176
     1
 40
40.0
176
     1
 90
       11
176
     1
 62
     7
176
     1
 40
1.0
176
     1
 90
        1
176
     1
 90
        6
176
     1
 90
        2
176
     1
 62
     7
176
     1
 90
        6
176
     1
 90
        0
176
     1
 90
        0
176
     1
290
     0
176
     1
 90
        1
176
     1
 40
0.0
176
     1
 90
        0
176
     1
290
     0
176
     1
290
     1
176
     1
290
     1
176
     1
290
     0
176
     1
290
     0
176
     1
290
     0
176
     1
290
     0
176
     1
290
     0
176
     1
290
     0
176
     1
 90
       50
176
     1
 40
0.0
176
     1
 40
1.0
176
     1
 90
        0
176
     1
 62
    18
420
        0
176
     1
 90
       50
176
     1
 90
        3
176
     1
 62
     5
420
      255
176
     1
290
     0
176
     1
 90
       50
176
     1
 90
       50
176
     1
 90
       50
176
     1
290
     0
176
     1
 90
       50
176
     1
 62
   256
176
     0
 40
1.0
176
     0
 90
        2
176
     1
  1
strokes_ogs.tif
176
     1
290
     0
176
     1
 40
1.0
176
     1
 40
1.0
176
     1
  0
VISUALSTYLE
  5
37
102
{ACAD_REACTORS
330
2A
102
}
330
2A
100
AcDbVisualStyle
  2
Thicken
 70
    13
177
     3
291
     1
 70
    58
 90
        2
176
     1
 90
        2
176
     1
 90
        0
176
     1
 90
        0
176
     1
 40
0.6
176
     1
 40
30.0
176
     1
 62
     7
420
 16777215
176
     1
 90
        1
176
     1
 90
        4
176
     1
 62
     7
176
     1
 62
   257
176
     1
 90
        1
176
     1
 90
        1
176
     1
 40
1.0
176
     1
 90
       12
176
     1
 62
     7
176
     1
 40
1.0
176
     1
 90
        1
176
     1
 90
        6
176
     1
 90
        2
176
     1
 62
     7
176
     1
 90
        5
176
     1
 90
        0
176
     1
 90
        0
176
     1
290
     0
176
     1
 90
        1
176
     1
 40
0.0
176
     1
 90
        0
176
     1
290
     0
176
     1
290
     1
176
     1
290
     1
176
     1
290
     0
176
     1
290
     0
176
     1
290
     0
176
     1
290
     0
176
     1
290
     0
176
     1
290
     0
176
     1
 90
       50
176
     1
 40
0.0
176
     1
 40
1.0
176
     1
 90
        0
176
     1
 62
    18
420
        0
176
     1
 90
       50
176
     1
 90
        3
176
     1
 62
     5
420
      255
176
     1
290
     0
176
     1
 90
       50
176
     1
 90
       50
176
     1
 90
       50
176
     1
290
     0
176
     1
 90
       50
176
     1
 62
   256
176
     0
 40
1.0
176
     0
 90
        2
176
     1
  1
strokes_ogs.tif
176
     1
290
     0
176
     1
 40
1.0
176
     1
 40
1.0
176
     1
  0
VISUALSTYLE
  5
30
102
{ACAD_REACTORS
330
2A
102
}
330
2A
100
AcDbVisualStyle
  2
Wireframe
 70
     5
177
     3
291
     0
 70
    58
 90
        0
176
     1
 90
        2
176
     1
 90
        0
176
     1
 90
        0
176
     1
 40
0.6
176
     1
 40
30.0
176
     1
 62
     7
420
 16777215
176
     1
 90
        1
176
     1
 90
        4
176
     1
 62
     7
176
     1
 62
   257
176
     1
 90
        1
176
     1
 90
        1
176
     1
 40
1.0
176
     1
 90
        0
176
     1
 62
   257
176
     1
 40
1.0
176
     1
 90
        1
176
     1
 90
        6
176
     1
 90
        2
176
     1
 62
     7
176
     1
 90
        3
176
     1
 90
        0
176
     1
 90
        0
176
     1
290
     0
176
     1
 90
        1
176
     1
 40
0.0
176
     1
 90
        0
176
     1
290
     0
176
     1
290
     1
176
     1
290
     1
176
     1
290
     0
176
     1
290
     0
176
     1
290
     0
176
     1
290
     0
176
     1
290
     0
176
     1
290
     0
176
     1
 90
       50
176
     1
 40
0.0
176
     1
 40
1.0
176
     1
 90
        0
176
     1
 62
    18
420
        0
176
     1
 90
       50
176
     1
 90
        3
176
     1
 62
     5
420
      255
176
     1
290
     0
176
     1
 90
       50
176
     1
 90
       50
176
     1
 90
       50
176
     1
290
     0
176
     1
 90
       50
176
     1
 62
   256
176
     0
 40
1.0
176
     0
 90
        2
176
     1
  1
strokes_ogs.tif
176
     1
290
     0
176
     1
 40
1.0
176
     1
 40
1.0
176
     1
  0
VISUALSTYLE
  5
40
102
{ACAD_REACTORS
330
2A
102
}
330
2A
100
AcDbVisualStyle
  2
X-Ray
 70
    25
177
     3
291
     0
 70
    58
 90
        2
176
     1
 90
        2
176
     1
 90
        1
176
     1
 90
        1
176
     1
 40
0.5
176
     1
 40
30.0
176
     1
 62
     7
420
 16777215
176
     1
 90
        1
176
     1
 90
        0
176
     1
 62
     7
176
     1
 62
   257
176
     1
 90
        1
176
     1
 90
        1
176
     1
 40
1.0
176
     1
 90
        8
176
     1
 62
     7
176
     1
 40
1.0
176
     1
 90
        1
176
     1
 90
        6
176
     1
 90
        2
176
     1
 62
     7
176
     1
 90
        3
176
     1
 90
        0
176
     1
 90
        0
176
     1
290
     0
176
     1
 90
       13
176
     1
 40
0.0
176
     1
 90
        0
176
     1
290
     0
176
     1
290
     1
176
     1
290
     1
176
     1
290
     0
176
     1
290
     0
176
     1
290
     0
176
     1
290
     0
176
     1
290
     0
176
     1
290
     0
176
     1
 90
       50
176
     1
 40
0.0
176
     1
 40
1.0
176
     1
 90
        0
176
     1
 62
    18
420
        0
176
     1
 90
       50
176
     1
 90
        3
176
     1
 62
     5
420
      255
176
     1
290
     0
176
     1
 90
       50
176
     1
 90
       50
176
     1
 90
       50
176
     1
290
     0
176
     1
 90
       50
176
     1
 62
   256
176
     0
 40
1.0
176
     0
 90
        2
176
     1
  1
strokes_ogs.tif
176
     1
290
     0
176
     1
 40
1.0
176
     1
 40
1.0
176
     1
  0
DICTIONARYVAR
  5
A4
102
{ACAD_REACTORS
330
A3
102
}
330
A3
100
DictionaryVariables
280
     0
  1
1:1
  0
DICTIONARYVAR
  5
A9
102
{ACAD_REACTORS
330
A3
102
}
330
A3
100
DictionaryVariables
280
     0
  1
Standard
  0
DICTIONARYVAR
  5
A8
102
{ACAD_REACTORS
330
A3
102
}
330
A3
100
DictionaryVariables
280
     0
  1
Standard
  0
DICTIONARY
  5
A5
330
5A
100
AcDbDictionary
280
     1
281
     1
  3
ACAD_ROUNDTRIP_2008_TABLESTYLE_CELLSTYLEMAP
360
A6
  0
CELLSTYLEMAP
  5
A6
102
{ACAD_REACTORS
330
A5
102
}
330
A5
100
AcDbCellStyleMap
 90
        3
300
CELLSTYLE
  1
TABLEFORMAT_BEGIN
 90
        5
170
     1
 91
        0
 92
    32768
 62
   257
 93
        1
300
CONTENTFORMAT
  1
CONTENTFORMAT_BEGIN
 90
        0
 91
        0
 92
        4
 93
        0
300

 40
0.0
140
1.0
 94
        5
 62
     0
340
11
144
0.25
309
CONTENTFORMAT_END
171
     1
301
MARGIN
  1
CELLMARGIN_BEGIN
 40
0.06
 40
0.06
 40
0.06
 40
0.06
 40
0.06
 40
0.06
309
CELLMARGIN_END
 94
        6
 95
        1
302
GRIDFORMAT
  1
GRIDFORMAT_BEGIN
 90
        0
 91
        1
 62
     0
 92
       -2
340
14
 93
        0
 40
0.045
309
GRIDFORMAT_END
 95
        2
302
GRIDFORMAT
  1
GRIDFORMAT_BEGIN
 90
        0
 91
        1
 62
     0
 92
       -2
340
14
 93
        0
 40
0.045
309
GRIDFORMAT_END
 95
        4
302
GRIDFORMAT
  1
GRIDFORMAT_BEGIN
 90
        0
 91
        1
 62
     0
 92
       -2
340
14
 93
        0
 40
0.045
309
GRIDFORMAT_END
 95
        8
302
GRIDFORMAT
  1
GRIDFORMAT_BEGIN
 90
        0
 91
        1
 62
     0
 92
       -2
340
14
 93
        0
 40
0.045
309
GRIDFORMAT_END
 95
       16
302
GRIDFORMAT
  1
GRIDFORMAT_BEGIN
 90
        0
 91
        1
 62
     0
 92
       -2
340
14
 93
        0
 40
0.045
309
GRIDFORMAT_END
 95
       32
302
GRIDFORMAT
  1
GRIDFORMAT_BEGIN
 90
        0
 91
        1
 62
     0
 92
       -2
340
14
 93
        0
 40
0.045
309
GRIDFORMAT_END
309
TABLEFORMAT_END
  1
CELLSTYLE_BEGIN
 90
        1
 91
        1
300
_TITLE
309
CELLSTYLE_END
300
CELLSTYLE
  1
TABLEFORMAT_BEGIN
 90
        5
170
     1
 91
        0
 92
        0
 62
   257
 93
        1
300
CONTENTFORMAT
  1
CONTENTFORMAT_BEGIN
 90
        0
 91
        0
 92
        4
 93
        0
300

 40
0.0
140
1.0
 94
        5
 62
     0
340
11
144
0.18
309
CONTENTFORMAT_END
171
     1
301
MARGIN
  1
CELLMARGIN_BEGIN
 40
0.06
 40
0.06
 40
0.06
 40
0.06
 40
0.06
 40
0.06
309
CELLMARGIN_END
 94
        6
 95
        1
302
GRIDFORMAT
  1
GRIDFORMAT_BEGIN
 90
        0
 91
        1
 62
     0
 92
       -2
340
14
 93
        0
 40
0.045
309
GRIDFORMAT_END
 95
        2
302
GRIDFORMAT
  1
GRIDFORMAT_BEGIN
 90
        0
 91
        1
 62
     0
 92
       -2
340
14
 93
        0
 40
0.045
309
GRIDFORMAT_END
 95
        4
302
GRIDFORMAT
  1
GRIDFORMAT_BEGIN
 90
        0
 91
        1
 62
     0
 92
       -2
340
14
 93
        0
 40
0.045
309
GRIDFORMAT_END
 95
        8
302
GRIDFORMAT
  1
GRIDFORMAT_BEGIN
 90
        0
 91
        1
 62
     0
 92
       -2
340
14
 93
        0
 40
0.045
309
GRIDFORMAT_END
 95
       16
302
GRIDFORMAT
  1
GRIDFORMAT_BEGIN
 90
        0
 91
        1
 62
     0
 92
       -2
340
14
 93
        0
 40
0.045
309
GRIDFORMAT_END
 95
       32
302
GRIDFORMAT
  1
GRIDFORMAT_BEGIN
 90
        0
 91
        1
 62
     0
 92
       -2
340
14
 93
        0
 40
0.045
309
GRIDFORMAT_END
309
TABLEFORMAT_END
  1
CELLSTYLE_BEGIN
 90
        2
 91
        1
300
_HEADER
309
CELLSTYLE_END
300
CELLSTYLE
  1
TABLEFORMAT_BEGIN
 90
        5
170
     1
 91
        0
 92
        0
 62
   257
 93
        1
300
CONTENTFORMAT
  1
CONTENTFORMAT_BEGIN
 90
        0
 91
        0
 92
        4
 93
        0
300

 40
0.0
140
1.0
 94
        2
 62
     0
340
11
144
0.18
309
CONTENTFORMAT_END
171
     1
301
MARGIN
  1
CELLMARGIN_BEGIN
 40
0.06
 40
0.06
 40
0.06
 40
0.06
 40
0.06
 40
0.06
309
CELLMARGIN_END
 94
        6
 95
        1
302
GRIDFORMAT
  1
GRIDFORMAT_BEGIN
 90
        0
 91
        1
 62
     0
 92
       -2
340
14
 93
        0
 40
0.045
309
GRIDFORMAT_END
 95
        2
302
GRIDFORMAT
  1
GRIDFORMAT_BEGIN
 90
        0
 91
        1
 62
     0
 92
       -2
340
14
 93
        0
 40
0.045
309
GRIDFORMAT_END
 95
        4
302
GRIDFORMAT
  1
GRIDFORMAT_BEGIN
 90
        0
 91
        1
 62
     0
 92
       -2
340
14
 93
        0
 40
0.045
309
GRIDFORMAT_END
 95
        8
302
GRIDFORMAT
  1
GRIDFORMAT_BEGIN
 90
        0
 91
        1
 62
     0
 92
       -2
340
14
 93
        0
 40
0.045
309
GRIDFORMAT_END
 95
       16
302
GRIDFORMAT
  1
GRIDFORMAT_BEGIN
 90
        0
 91
        1
 62
     0
 92
       -2
340
14
 93
        0
 40
0.045
309
GRIDFORMAT_END
 95
       32
302
GRIDFORMAT
  1
GRIDFORMAT_BEGIN
 90
        0
 91
        1
 62
     0
 92
       -2
340
14
 93
        0
 40
0.045
309
GRIDFORMAT_END
309
TABLEFORMAT_END
  1
CELLSTYLE_BEGIN
 90
        3
 91
        2
300
_DATA
309
CELLSTYLE_END
  0
ENDSEC
  0
EOF
